order_id,customer_id,order_date,discount_amount
1,1,4/22/2024,335.09
2,1,9/1/2024,0
3,1,7/15/2024,0
4,1,8/9/2023,126.08
5,1,5/5/2024,254.19
6,1,5/26/2023,0
7,2,2/16/2025,0
8,2,3/18/2024,0
9,2,9/29/2025,0
10,2,9/26/2024,0
11,2,12/31/2023,0
12,2,1/19/2024,0
13,2,11/27/2023,0
14,2,6/1/2025,0
15,2,5/24/2025,0
16,2,7/26/2025,0
17,3,4/16/2022,0
18,3,4/24/2022,0
19,3,1/25/2023,0
20,3,12/21/2021,0
21,3,8/7/2022,0
22,3,11/21/2022,0
23,3,8/24/2021,0
24,3,10/23/2021,0
25,3,2/3/2022,0
26,3,9/16/2022,0
27,3,9/23/2022,293.52
28,3,8/29/2022,406.04
29,3,9/28/2021,0
30,3,12/7/2022,130.78
31,3,5/21/2022,0
32,3,6/2/2022,0
33,4,12/22/2023,0
34,4,1/30/2023,0
35,4,5/12/2023,0
36,5,5/26/2022,0
37,5,7/20/2022,0
38,5,10/30/2022,0
39,5,5/20/2023,0
40,5,2/26/2022,0
41,5,12/2/2021,0
42,5,7/4/2022,0
43,5,7/2/2023,0
44,5,9/29/2022,0
45,5,6/22/2022,0
46,6,10/5/2022,0
47,7,12/29/2023,0
48,7,9/16/2023,0
49,7,7/31/2023,0
50,7,2/24/2025,0
51,7,8/7/2024,0
52,8,12/15/2021,0
53,8,8/29/2022,0
54,8,9/17/2021,0
55,9,7/3/2023,0
56,9,5/13/2024,0
57,9,8/29/2024,85.21
58,9,4/26/2024,0
59,9,1/8/2025,434.46
60,9,3/6/2023,0
61,10,2/14/2022,0
62,10,3/26/2022,0
63,10,10/29/2023,0
64,10,1/21/2022,443.14
65,10,5/14/2023,0
66,10,1/22/2022,0
67,10,7/8/2022,63.26
68,10,4/4/2022,0
69,10,4/27/2023,0
70,10,2/19/2022,0
71,10,11/11/2022,0
72,10,9/21/2023,0
73,10,7/11/2022,0
74,10,8/15/2023,0
75,10,11/7/2023,0
76,10,7/12/2022,0
77,10,9/9/2023,257.25
78,10,3/8/2022,0
79,11,5/16/2024,428.68
80,11,6/6/2023,0
81,11,5/23/2024,0
82,12,11/26/2022,0
83,12,4/26/2023,0
84,12,2/10/2022,0
85,12,10/30/2023,0
86,12,5/13/2023,0
87,12,2/6/2022,0
88,12,10/29/2023,0
89,12,6/3/2022,0
90,12,5/18/2023,0
91,12,11/22/2022,0
92,12,2/15/2022,0
93,12,8/15/2023,0
94,12,10/24/2022,0
95,12,4/10/2023,0
96,12,3/19/2022,0
97,12,8/10/2023,0
98,12,12/29/2022,0
99,13,12/4/2023,97.02
100,13,5/19/2024,0
101,14,8/3/2022,0
102,14,3/13/2022,0
103,14,4/3/2022,0
104,14,10/16/2022,0
105,14,3/21/2022,0
106,14,10/20/2021,0
107,14,6/14/2022,0
108,14,11/17/2022,0
109,14,5/20/2023,0
110,14,2/14/2023,0
111,14,11/13/2022,0
112,14,2/13/2022,0
113,14,2/13/2022,0
114,15,1/31/2023,0
115,15,8/27/2023,0
116,15,4/21/2022,0
117,15,11/10/2023,0
118,15,8/21/2023,0
119,15,7/21/2022,0
120,15,12/24/2022,0
121,15,12/26/2022,0
122,15,4/18/2023,0
123,15,9/4/2022,0
124,15,2/28/2023,0
125,15,9/15/2022,0
126,15,4/7/2023,133.84
127,15,4/21/2022,0
128,15,8/29/2023,0
129,15,11/30/2022,0
130,15,4/11/2022,0
131,15,7/2/2023,0
132,15,4/26/2023,0
133,16,3/3/2022,0
134,16,9/8/2022,0
135,16,2/3/2021,0
136,16,11/12/2021,61.44
137,16,8/22/2022,122.14
138,16,12/6/2022,0
139,17,12/1/2021,0
140,17,4/7/2022,0
141,17,4/29/2023,0
142,18,4/27/2024,0
143,18,10/7/2024,0
144,18,3/21/2024,0
145,18,4/19/2023,0
146,18,8/29/2024,0
147,18,6/23/2023,0
148,18,8/9/2024,0
149,18,3/17/2023,0
150,18,5/25/2024,0
151,18,4/3/2023,0
152,18,1/24/2024,0
153,18,8/30/2024,0
154,18,11/18/2023,0
155,18,7/1/2023,0
156,18,1/28/2024,0
157,18,9/29/2023,0
158,19,12/8/2023,0
159,19,8/23/2024,0
160,19,10/19/2024,0
161,19,8/24/2024,0
162,19,5/23/2024,0
163,20,6/20/2023,278.21
164,20,6/28/2023,0
165,20,12/2/2023,0
166,20,9/26/2022,347.56
167,20,12/14/2023,0
168,21,2/1/2025,0
169,22,12/5/2022,0
170,22,9/17/2022,0
171,22,7/20/2022,0
172,22,4/9/2024,0
173,22,3/18/2024,0
174,22,12/21/2022,0
175,22,11/28/2022,0
176,22,9/2/2023,0
177,23,5/21/2023,474.71
178,24,3/28/2025,232.96
179,24,10/15/2024,0
180,25,2/7/2023,382.55
181,25,3/3/2022,461.64
182,26,8/26/2024,459.26
183,27,8/9/2024,344.16
184,27,12/12/2023,0
185,27,6/3/2024,0
186,27,9/27/2024,0
187,28,9/30/2023,0
188,29,3/27/2024,0
189,29,7/9/2023,0
190,29,9/12/2023,0
191,29,1/19/2024,0
192,29,3/14/2024,0
193,29,6/4/2024,0
194,29,9/6/2023,0
195,29,6/4/2024,0
196,29,7/31/2023,0
197,29,9/19/2022,0
198,29,9/21/2022,0
199,29,3/7/2024,0
200,29,10/13/2023,0
201,29,9/16/2023,0
202,29,1/11/2023,0
203,29,6/26/2023,0
204,29,2/4/2023,0
205,29,1/27/2023,0
206,29,8/21/2022,0
207,29,2/23/2023,0
208,29,7/5/2023,0
209,29,11/23/2023,0
210,29,11/11/2022,0
211,30,2/1/2024,0
212,30,9/11/2024,0
213,30,5/18/2023,0
214,30,12/1/2023,0
215,30,8/21/2024,0
216,30,5/26/2023,0
217,30,7/25/2024,0
218,30,7/9/2024,0
219,30,3/10/2024,0
220,30,7/25/2024,0
221,30,4/22/2024,0
222,30,12/22/2024,0
223,30,6/22/2023,0
224,30,12/9/2024,0
225,30,3/14/2024,0
226,31,7/12/2023,483.06
227,31,5/21/2023,222.4
228,31,6/2/2024,99.23
229,31,4/22/2023,0
230,31,8/11/2023,0
231,31,11/23/2023,0
232,32,4/18/2022,0
233,32,5/31/2022,0
234,32,1/29/2022,0
235,32,2/1/2022,0
236,32,6/12/2021,0
237,32,3/8/2021,0
238,32,9/16/2021,0
239,32,8/17/2022,0
240,33,1/29/2025,0
241,33,1/20/2025,0
242,34,12/11/2021,0
243,34,4/19/2022,0
244,34,6/7/2022,0
245,34,4/12/2022,0
246,34,3/28/2022,0
247,34,2/28/2023,0
248,34,2/6/2023,0
249,34,12/6/2022,0
250,34,8/15/2021,0
251,34,8/30/2021,0
252,34,9/7/2022,0
253,34,3/18/2022,0
254,34,1/17/2022,0
255,35,10/5/2022,0
256,35,8/30/2023,0
257,35,8/15/2022,0
258,35,8/28/2022,0
259,35,11/17/2022,0
260,35,12/23/2022,0
261,35,8/10/2022,0
262,35,9/22/2022,0
263,35,9/7/2022,0
264,36,3/8/2023,0
265,36,11/25/2023,81.45
266,36,9/2/2022,0
267,37,1/10/2022,486.88
268,38,2/17/2022,0
269,38,10/8/2021,0
270,38,5/9/2022,0
271,38,1/4/2022,0
272,38,10/1/2022,0
273,38,10/5/2022,0
274,38,6/10/2021,0
275,38,8/12/2021,0
276,38,4/27/2021,234.62
277,39,3/27/2022,0
278,39,9/27/2022,0
279,39,12/17/2021,92.99
280,39,12/13/2021,145.02
281,40,11/16/2023,0
282,41,11/11/2023,169.05
283,42,4/28/2024,0
284,42,3/4/2024,0
285,42,4/23/2025,0
286,42,1/4/2024,0
287,42,3/22/2025,0
288,42,1/20/2024,0
289,43,1/9/2023,0
290,43,8/13/2022,0
291,44,12/30/2024,0
292,44,3/20/2025,0
293,44,5/15/2025,0
294,44,3/16/2024,0
295,45,8/22/2022,0
296,45,1/7/2023,0
297,45,5/8/2023,0
298,46,3/24/2024,0
299,46,4/25/2024,0
300,46,8/6/2023,0
301,46,4/12/2023,0
302,46,11/26/2023,0
303,46,10/25/2024,0
304,46,10/19/2024,450.51
305,46,7/2/2024,0
306,46,1/1/2024,0
307,46,4/7/2023,0
308,46,8/8/2023,0
309,46,6/30/2024,0
310,46,12/28/2023,0
311,46,5/7/2023,330.34
312,46,1/12/2025,0
313,46,4/27/2023,0
314,47,11/18/2022,0
315,47,3/23/2021,0
316,48,12/2/2021,0
317,49,7/15/2025,0
318,49,3/11/2025,0
319,49,6/23/2024,0
320,49,2/3/2024,242.52
321,49,3/26/2025,179.66
322,49,2/7/2024,0
323,49,4/5/2025,0
324,49,8/6/2024,0
325,49,1/26/2025,0
326,49,1/24/2025,0
327,49,5/4/2024,0
328,49,2/4/2024,0
329,49,7/23/2025,0
330,50,9/9/2025,0
331,50,2/4/2025,0
332,50,12/21/2023,0
333,50,8/18/2024,0
334,50,9/17/2024,0
335,50,12/3/2024,0
336,50,1/7/2024,0
337,50,1/4/2024,0
338,50,4/11/2025,0
339,50,3/11/2025,217.85
340,50,8/21/2024,0
341,50,2/18/2024,0
342,50,5/10/2025,125.83
343,50,6/6/2025,0
344,50,7/18/2024,0
345,50,1/17/2025,0
346,51,6/17/2024,0
347,52,9/3/2023,0
348,52,12/19/2022,0
349,52,10/6/2024,0
350,52,3/27/2023,0
351,52,8/14/2023,0
352,52,7/19/2023,0
353,52,11/23/2023,0
354,52,6/9/2024,0
355,52,1/28/2024,0
356,52,5/14/2023,0
357,52,5/4/2023,0
358,52,3/19/2024,0
359,53,4/27/2022,0
360,53,8/17/2023,0
361,53,11/13/2022,0
362,53,1/7/2023,0
363,53,4/15/2022,0
364,53,2/27/2023,0
365,53,5/11/2022,0
366,53,3/25/2022,0
367,53,10/3/2023,0
368,53,9/16/2023,0
369,53,4/27/2023,0
370,53,11/30/2022,0
371,53,6/14/2023,0
372,54,10/7/2024,0
373,54,2/26/2024,0
374,54,9/20/2024,0
375,55,4/24/2022,0
376,55,2/27/2023,489.24
377,55,7/2/2022,0
378,55,2/18/2023,0
379,55,5/31/2022,0
380,55,9/25/2022,310.77
381,55,8/8/2022,0
382,56,12/15/2021,0
383,56,5/27/2023,0
384,56,11/27/2022,0
385,57,1/4/2024,0
386,57,9/7/2024,0
387,57,9/24/2024,0
388,57,10/7/2023,0
389,57,1/20/2025,0
390,57,7/14/2024,0
391,57,3/24/2025,0
392,57,10/7/2023,0
393,57,5/10/2025,0
394,57,8/17/2024,0
395,57,12/15/2023,0
396,57,4/5/2025,0
397,57,10/15/2023,0
398,57,12/22/2024,0
399,58,6/21/2022,0
400,58,1/25/2022,158.06
401,59,7/15/2023,129.67
402,59,1/3/2025,0
403,59,6/13/2024,381.24
404,59,8/19/2024,0
405,59,11/15/2024,0
406,60,5/12/2023,277.09
407,60,12/13/2023,0
408,60,11/7/2022,190.04
409,60,1/12/2023,0
410,60,10/7/2022,0
411,60,2/16/2023,301.16
412,60,2/23/2023,0
413,61,5/1/2024,0
414,61,11/22/2023,0
415,61,10/18/2023,0
416,61,12/30/2023,0
417,61,7/20/2025,0
418,61,7/16/2024,0
419,61,7/30/2024,0
420,61,7/13/2025,0
421,61,11/6/2024,0
422,61,4/14/2024,0
423,61,12/25/2023,0
424,61,4/4/2024,0
425,61,1/24/2025,0
426,61,5/14/2025,0
427,62,4/6/2022,0
428,62,3/25/2023,0
429,62,1/5/2023,0
430,62,8/28/2023,0
431,62,7/28/2023,0
432,62,7/8/2022,0
433,62,12/6/2022,0
434,62,11/16/2021,0
435,62,3/14/2022,0
436,62,1/12/2022,0
437,62,1/31/2023,0
438,62,12/1/2021,0
439,62,2/24/2022,0
440,63,6/19/2023,0
441,63,3/5/2023,186.17
442,63,4/18/2024,487.44
443,64,10/28/2022,0
444,64,10/13/2022,0
445,65,6/21/2023,0
446,65,12/28/2024,0
447,65,12/7/2024,0
448,65,3/18/2025,0
449,65,6/13/2023,0
450,65,8/15/2023,0
451,65,1/25/2024,0
452,65,8/25/2024,0
453,65,3/1/2024,0
454,65,6/25/2023,0
455,65,9/4/2024,0
456,65,5/26/2024,419.51
457,65,11/29/2023,0
458,65,7/24/2023,0
459,65,6/26/2023,0
460,66,6/14/2024,0
461,66,1/23/2024,56.51
462,67,5/26/2023,0
463,67,1/2/2025,0
464,67,5/14/2024,0
465,67,8/22/2023,0
466,67,10/13/2024,0
467,67,1/21/2025,0
468,67,12/9/2023,0
469,67,12/5/2023,0
470,67,4/25/2023,0
471,67,4/24/2023,0
472,67,3/31/2023,0
473,67,8/31/2024,0
474,67,11/3/2024,0
475,67,6/11/2024,0
476,67,9/13/2024,0
477,67,8/27/2023,0
478,67,3/22/2024,0
479,67,3/11/2023,0
480,67,5/26/2024,152.37
481,67,6/6/2024,0
482,67,5/13/2024,0
483,67,3/15/2024,0
484,67,1/11/2025,0
485,67,4/11/2023,0
486,68,12/18/2021,0
487,69,3/22/2023,0
488,69,5/9/2023,0
489,69,7/12/2024,0
490,70,2/20/2022,0
491,71,7/24/2023,0
492,72,12/26/2023,0
493,73,2/8/2025,0
494,73,8/8/2025,0
495,73,11/27/2024,0
496,73,5/18/2024,0
497,73,7/19/2024,0
498,73,8/10/2024,0
499,73,6/14/2025,0
500,73,2/11/2024,0
501,73,7/10/2024,0
502,73,3/16/2025,0
503,73,4/4/2024,0
504,73,5/10/2024,0
505,73,7/14/2025,0
506,73,4/10/2024,0
507,73,10/16/2025,0
508,73,12/3/2023,0
509,73,8/8/2024,0
510,73,3/18/2024,0
511,74,11/4/2021,0
512,74,7/9/2021,0
513,74,4/4/2022,0
514,74,4/8/2021,0
515,74,10/9/2022,0
516,74,2/10/2022,0
517,74,5/2/2021,0
518,74,10/4/2021,0
519,74,10/7/2021,0
520,74,6/19/2021,0
521,74,5/28/2022,0
522,74,9/17/2021,0
523,74,1/4/2022,0
524,74,2/5/2022,0
525,74,3/5/2022,0
526,74,8/31/2022,0
527,74,1/31/2021,0
528,74,12/2/2021,0
529,74,6/12/2021,261.99
530,74,4/30/2021,0
531,74,2/15/2022,0
532,75,5/22/2022,0
533,75,1/2/2023,312.92
534,75,1/5/2022,0
535,75,8/1/2022,0
536,75,11/1/2021,0
537,75,1/30/2023,0
538,75,4/19/2022,0
539,75,10/9/2021,0
540,75,3/29/2021,0
541,75,1/10/2022,0
542,76,3/12/2024,0
543,76,8/29/2023,0
544,76,2/7/2023,0
545,77,7/8/2023,0
546,77,3/4/2024,0
547,77,1/7/2024,371.06
548,77,8/3/2023,0
549,77,12/12/2023,340.39
550,77,2/14/2024,0
551,78,5/3/2025,0
552,79,10/30/2023,0
553,79,12/2/2022,405.57
554,79,3/4/2024,0
555,79,11/21/2023,0
556,79,8/9/2023,0
557,79,8/10/2023,415.61
558,79,8/28/2023,0
559,79,6/7/2024,0
560,79,5/30/2024,362.3
561,79,12/5/2022,0
562,79,10/5/2022,0
563,79,3/26/2024,0
564,79,6/16/2024,0
565,79,6/26/2023,0
566,79,4/13/2024,0
567,79,1/27/2023,0
568,79,4/17/2024,0
569,80,1/8/2023,271.44
570,80,4/5/2022,0
571,80,2/10/2023,0
572,80,3/12/2023,0
573,80,11/1/2023,0
574,80,3/25/2023,0
575,80,5/20/2023,0
576,80,11/14/2022,0
577,80,12/1/2023,0
578,80,2/25/2023,0
579,80,5/4/2023,0
580,80,3/3/2023,0
581,80,4/29/2022,0
582,80,2/2/2022,0
583,81,11/5/2023,0
584,81,9/5/2023,0
585,81,9/5/2022,0
586,81,12/21/2023,0
587,81,12/12/2023,0
588,81,7/30/2023,0
589,81,1/7/2024,0
590,81,4/18/2023,0
591,81,9/24/2022,0
592,81,2/28/2022,0
593,81,4/1/2023,0
594,81,6/30/2023,0
595,81,10/2/2023,0
596,81,7/25/2022,0
597,81,7/12/2023,0
598,82,9/13/2023,0
599,82,6/14/2022,0
600,82,10/2/2022,0
601,82,7/14/2023,0
602,82,1/25/2023,0
603,82,8/28/2023,0
604,82,4/1/2023,0
605,82,4/27/2022,0
606,82,7/23/2022,0
607,82,4/26/2023,0
608,82,3/19/2022,0
609,82,1/15/2022,0
610,83,7/18/2023,0
611,83,8/4/2022,0
612,83,2/21/2022,0
613,83,12/14/2023,0
614,83,10/2/2023,0
615,83,3/23/2022,0
616,83,11/30/2023,0
617,84,6/19/2023,0
618,84,8/30/2022,275.33
619,84,5/15/2023,0
620,84,11/23/2021,0
621,84,6/27/2022,372.24
622,84,12/5/2022,0
623,85,4/4/2025,320.08
624,85,2/1/2024,0
625,85,7/7/2024,0
626,85,2/20/2025,0
627,85,12/1/2024,0
628,85,7/25/2025,0
629,85,3/5/2024,57.56
630,85,3/31/2024,0
631,85,12/27/2024,0
632,86,12/15/2022,0
633,86,7/26/2022,0
634,86,8/26/2022,0
635,86,12/9/2021,0
636,86,1/15/2022,0
637,86,12/17/2021,0
638,86,5/2/2021,0
639,86,4/18/2022,0
640,87,1/26/2025,0
641,88,3/29/2023,322.94
642,88,11/17/2021,0
643,88,12/5/2021,0
644,88,3/12/2023,61.51
645,88,5/19/2022,111.98
646,88,1/24/2022,0
647,88,10/3/2022,0
648,89,12/17/2021,0
649,90,5/10/2024,61.86
650,90,9/10/2024,0
651,90,2/21/2024,0
652,91,2/5/2025,0
653,91,9/20/2023,0
654,91,5/25/2024,0
655,91,1/12/2024,0
656,91,9/30/2023,0
657,91,2/29/2024,0
658,91,7/28/2023,0
659,91,6/3/2025,0
660,91,4/25/2025,0
661,92,6/13/2024,0
662,92,12/23/2023,0
663,92,5/31/2024,0
664,92,12/23/2023,386.78
665,93,12/2/2024,0
666,93,6/5/2024,0
667,93,2/24/2025,0
668,93,4/20/2025,0
669,93,2/1/2025,0
670,93,9/20/2025,0
671,94,2/2/2024,0
672,94,6/7/2023,0
673,94,1/28/2023,0
674,94,6/10/2022,0
675,95,7/7/2023,0
676,95,10/3/2023,0
677,95,4/10/2023,220.19
678,95,9/22/2022,0
679,95,7/9/2022,135.67
680,95,4/2/2023,0
681,95,4/16/2023,0
682,95,3/11/2023,0
683,95,8/9/2023,0
684,95,7/3/2022,0
685,95,10/14/2023,0
686,95,12/20/2022,0
687,95,11/5/2023,0
688,96,5/3/2023,0
689,96,9/9/2024,0
690,96,5/26/2023,0
691,96,5/7/2023,0
692,96,6/23/2024,0
693,96,3/30/2024,0
694,96,7/6/2024,0
695,96,9/11/2023,0
696,96,2/11/2025,0
697,96,3/29/2023,0
698,96,12/27/2023,0
699,96,11/29/2023,303.71
700,97,8/20/2022,0
701,97,3/8/2022,0
702,98,12/28/2022,0
703,98,10/15/2023,187.86
704,99,2/13/2024,0
705,99,1/15/2023,206.72
706,99,9/6/2024,0
707,100,9/16/2023,0
708,101,8/16/2023,0
709,101,11/22/2022,0
710,101,5/27/2023,0
711,101,6/3/2023,0
712,101,1/30/2024,0
713,101,4/3/2024,0
714,101,7/14/2023,0
715,101,12/12/2023,0
716,101,5/21/2023,0
717,101,8/19/2023,0
718,101,7/30/2024,0
719,101,2/21/2023,0
720,101,10/18/2022,0
721,101,4/14/2023,0
722,101,11/20/2023,0
723,101,10/3/2022,0
724,101,3/11/2024,0
725,101,7/26/2024,0
726,102,3/21/2023,0
727,102,6/11/2023,0
728,103,2/14/2024,0
729,103,6/16/2024,0
730,103,11/10/2024,0
731,103,10/6/2024,0
732,103,11/12/2023,0
733,104,2/1/2024,0
734,104,12/22/2023,160.38
735,105,9/26/2024,459
736,106,4/24/2022,0
737,106,8/11/2023,0
738,106,5/5/2022,0
739,106,4/27/2022,0
740,106,11/25/2022,0
741,106,11/10/2022,208.79
742,106,1/10/2023,0
743,106,1/10/2023,0
744,106,10/20/2023,0
745,106,10/16/2022,0
746,106,1/15/2023,0
747,106,10/10/2023,0
748,106,3/21/2023,0
749,106,7/3/2023,0
750,106,7/30/2022,168.65
751,106,3/22/2022,0
752,106,11/23/2023,0
753,106,7/14/2022,0
754,106,6/5/2023,0
755,106,6/6/2023,0
756,106,7/30/2022,0
757,106,8/24/2023,178.31
758,106,4/25/2022,0
759,106,8/14/2022,0
760,107,5/31/2023,0
761,107,3/6/2024,0
762,107,11/23/2024,0
763,107,3/5/2024,0
764,107,2/28/2025,321.75
765,107,7/1/2024,0
766,107,8/4/2024,0
767,107,3/2/2025,0
768,107,10/31/2024,0
769,107,4/25/2024,388.46
770,108,2/8/2024,424.35
771,108,3/8/2024,0
772,108,4/17/2023,0
773,108,11/5/2023,0
774,108,5/28/2024,0
775,108,5/16/2024,0
776,108,8/18/2024,0
777,108,12/4/2023,0
778,109,5/12/2022,0
779,110,5/16/2023,0
780,110,10/15/2021,0
781,110,8/7/2022,0
782,110,4/29/2023,0
783,110,3/23/2022,0
784,110,2/15/2022,0
785,110,6/14/2023,185.43
786,110,4/24/2022,0
787,110,5/22/2022,0
788,110,10/29/2021,0
789,110,9/12/2022,0
790,110,10/28/2022,0
791,110,11/8/2022,149
792,110,10/18/2021,0
793,110,10/27/2022,0
794,110,6/20/2022,0
795,110,6/6/2023,0
796,111,2/19/2024,0
797,111,9/18/2024,0
798,111,9/16/2024,0
799,111,7/22/2025,0
800,111,1/14/2024,0
801,111,4/11/2025,0
802,111,9/14/2025,0
803,111,5/1/2025,0
804,111,7/17/2025,0
805,111,5/17/2024,0
806,111,3/25/2025,0
807,111,9/10/2025,0
808,111,1/17/2025,0
809,111,3/2/2025,0
810,111,3/1/2024,0
811,111,7/15/2025,0
812,111,4/18/2025,0
813,111,4/20/2025,0
814,111,6/19/2025,0
815,111,4/25/2025,466.14
816,111,5/11/2025,0
817,112,10/16/2023,213.53
818,112,10/21/2024,0
819,112,7/13/2024,305.13
820,113,10/22/2024,0
821,113,5/8/2024,0
822,113,2/6/2025,0
823,113,12/22/2023,109.55
824,113,9/26/2023,0
825,113,6/3/2024,0
826,114,7/21/2023,0
827,114,2/6/2024,0
828,114,10/1/2023,0
829,114,5/6/2023,0
830,114,2/18/2023,0
831,114,10/18/2023,0
832,114,6/25/2024,0
833,114,1/30/2023,0
834,114,6/7/2024,0
835,114,5/26/2024,0
836,114,4/1/2023,0
837,114,11/15/2023,0
838,114,8/9/2023,0
839,114,5/28/2023,0
840,114,6/18/2024,0
841,114,4/6/2023,0
842,114,5/10/2024,0
843,114,10/18/2024,0
844,115,3/14/2024,0
845,115,5/8/2023,0
846,116,4/7/2024,0
847,116,2/15/2024,0
848,116,12/23/2023,0
849,116,3/7/2025,0
850,116,3/24/2024,0
851,116,6/20/2024,0
852,116,11/20/2023,0
853,116,9/12/2024,0
854,116,12/28/2023,0
855,116,1/5/2024,0
856,116,4/15/2024,0
857,116,2/15/2025,0
858,116,8/10/2024,0
859,116,10/12/2024,0
860,116,12/30/2024,343.09
861,116,7/25/2024,0
862,116,1/26/2025,0
863,116,6/10/2024,0
864,116,5/4/2024,0
865,116,3/8/2024,0
866,116,3/15/2025,0
867,116,1/8/2024,266.46
868,116,8/8/2025,0
869,116,4/17/2025,0
870,117,11/22/2021,0
871,118,7/19/2023,183.52
872,118,6/28/2023,0
873,118,6/1/2022,0
874,118,1/13/2023,0
875,119,12/3/2021,0
876,119,2/27/2023,0
877,119,8/20/2022,0
878,119,4/10/2023,0
879,119,7/9/2023,0
880,119,8/30/2021,0
881,119,10/12/2022,0
882,119,4/11/2022,0
883,119,8/2/2022,0
884,119,3/31/2022,0
885,119,11/19/2021,475.62
886,119,5/22/2023,0
887,119,2/24/2023,0
888,119,4/4/2022,0
889,119,4/19/2022,0
890,119,11/12/2022,0
891,120,11/27/2024,0
892,120,12/15/2023,0
893,120,7/6/2024,0
894,120,3/14/2024,0
895,120,11/23/2023,0
896,120,12/19/2023,0
897,120,12/11/2023,0
898,120,8/14/2024,0
899,120,4/24/2023,0
900,120,10/6/2023,0
901,120,7/24/2023,0
902,120,3/29/2023,0
903,120,10/7/2024,0
904,120,10/11/2023,0
905,120,9/27/2024,0
906,120,1/25/2024,0
907,120,4/12/2023,0
908,120,8/18/2023,0
909,121,10/28/2023,0
910,121,1/2/2023,476.9
911,121,3/5/2024,0
912,121,8/26/2022,0
913,121,11/25/2022,158.3
914,121,12/20/2022,0
915,121,10/25/2023,0
916,121,2/27/2023,0
917,121,12/18/2023,0
918,121,7/8/2022,0
919,121,8/14/2022,349.63
920,121,10/16/2022,0
921,121,6/1/2023,429.11
922,121,2/6/2024,0
923,121,1/9/2023,0
924,121,5/9/2024,0
925,121,4/16/2023,238.1
926,122,10/24/2024,0
927,122,11/2/2024,0
928,123,9/20/2023,485.79
929,123,11/26/2022,0
930,123,12/15/2022,0
931,123,4/13/2024,0
932,124,6/8/2024,0
933,124,7/2/2023,0
934,124,1/13/2024,0
935,124,7/19/2023,0
936,124,2/27/2023,0
937,124,8/18/2023,0
938,124,8/6/2022,0
939,124,12/24/2022,0
940,124,11/9/2023,0
941,124,12/4/2022,0
942,124,7/24/2023,0
943,124,12/12/2023,200.63
944,124,10/25/2023,0
945,124,5/5/2023,0
946,124,10/23/2022,0
947,124,1/10/2024,0
948,124,9/25/2023,0
949,124,6/1/2024,0
950,124,9/24/2023,0
951,124,6/17/2024,0
952,124,9/6/2022,0
953,124,4/17/2023,0
954,124,8/24/2022,0
955,124,4/11/2023,0
956,124,5/17/2024,0
957,125,3/27/2024,0
958,125,1/21/2023,0
959,125,6/10/2024,0
960,125,12/26/2023,0
961,125,12/14/2022,0
962,125,6/8/2023,0
963,125,12/5/2023,453.99
964,125,10/15/2023,0
965,125,8/29/2023,245.13
966,125,9/9/2023,0
967,125,1/15/2024,0
968,125,12/18/2023,0
969,125,3/12/2024,0
970,125,4/11/2023,0
971,125,9/16/2023,0
972,125,1/22/2024,375.11
973,125,1/25/2023,0
974,125,10/11/2024,0
975,125,6/12/2024,0
976,126,3/27/2023,0
977,126,7/17/2022,0
978,126,12/6/2022,0
979,126,11/2/2023,0
980,126,7/21/2022,0
981,126,12/9/2022,0
982,126,8/10/2022,0
983,126,9/5/2023,0
984,126,5/12/2023,0
985,126,12/30/2022,401.94
986,126,3/19/2024,324.28
987,127,6/27/2025,0
988,127,5/4/2024,390.6
989,127,8/6/2024,0
990,128,4/2/2023,0
991,128,1/26/2023,0
992,128,4/28/2023,0
993,128,1/2/2023,0
994,129,4/27/2023,0
995,130,6/17/2025,0
996,130,4/4/2025,0
997,130,3/26/2025,0
998,130,7/19/2024,0
999,130,8/11/2024,0
1000,130,6/6/2024,375.71
1001,130,3/16/2025,0
1002,130,7/21/2024,0
1003,130,4/18/2024,0
1004,130,11/19/2024,0
1005,130,6/10/2025,0
1006,130,8/13/2025,0
1007,130,7/30/2025,0
1008,130,3/29/2024,0
1009,130,12/7/2024,0
1010,131,1/28/2022,0
1011,131,8/2/2021,0
1012,131,6/14/2022,0
1013,131,3/27/2022,0
1014,131,10/3/2021,0
1015,131,2/10/2023,0
1016,131,3/4/2023,0
1017,131,6/23/2022,222.7
1018,131,8/9/2022,0
1019,131,5/14/2023,0
1020,131,5/3/2023,0
1021,131,10/30/2021,0
1022,131,12/5/2021,0
1023,131,7/26/2022,0
1024,131,1/14/2022,0
1025,132,9/3/2023,0
1026,132,11/19/2022,0
1027,133,4/8/2023,0
1028,134,6/24/2025,0
1029,135,8/5/2024,0
1030,135,6/4/2024,0
1031,136,8/14/2023,0
1032,136,7/5/2023,0
1033,136,7/12/2024,153.93
1034,137,8/25/2023,241.64
1035,138,7/26/2023,0
1036,138,8/5/2024,0
1037,138,12/31/2022,0
1038,138,9/16/2023,0
1039,138,7/6/2023,0
1040,138,9/6/2023,0
1041,138,4/22/2023,0
1042,138,6/20/2023,0
1043,138,6/18/2024,419.48
1044,138,8/17/2023,0
1045,138,12/21/2022,0
1046,138,4/19/2023,0
1047,138,7/20/2024,0
1048,139,12/4/2022,90.49
1049,139,9/9/2024,0
1050,140,3/28/2023,160.08
1051,140,8/19/2023,0
1052,140,11/30/2023,0
1053,140,1/14/2023,0
1054,140,1/6/2023,0
1055,140,12/31/2022,0
1056,140,5/15/2023,0
1057,140,5/7/2022,0
1058,140,1/9/2024,0
1059,140,5/23/2022,0
1060,140,1/10/2024,0
1061,140,8/2/2022,0
1062,140,10/5/2023,0
1063,141,8/19/2022,376.04
1064,141,3/18/2023,73.01
1065,142,2/21/2025,0
1066,142,2/17/2024,0
1067,142,3/31/2025,0
1068,142,8/26/2023,114.15
1069,142,8/5/2024,0
1070,142,12/1/2023,0
1071,142,10/2/2023,0
1072,142,4/17/2025,0
1073,142,4/8/2024,358.01
1074,142,8/5/2024,0
1075,143,7/31/2023,0
1076,143,5/12/2024,0
1077,144,3/2/2023,0
1078,144,8/13/2021,0
1079,144,3/6/2022,0
1080,144,2/20/2023,0
1081,144,1/31/2023,0
1082,144,5/11/2021,0
1083,144,9/25/2021,0
1084,144,4/18/2022,0
1085,144,10/3/2022,0
1086,144,11/21/2021,0
1087,144,1/31/2022,0
1088,144,5/23/2021,0
1089,144,7/12/2022,0
1090,144,6/23/2022,173.24
1091,145,4/3/2021,0
1092,145,3/22/2022,401.92
1093,145,4/15/2021,0
1094,146,5/26/2023,0
1095,146,5/27/2023,0
1096,146,6/6/2024,0
1097,146,3/14/2023,0
1098,146,12/27/2023,0
1099,146,10/30/2022,0
1100,146,7/29/2023,0
1101,146,7/17/2024,0
1102,146,7/19/2024,0
1103,146,7/16/2023,0
1104,146,12/25/2022,0
1105,146,7/4/2023,0
1106,146,5/21/2024,0
1107,146,10/5/2022,0
1108,146,5/20/2023,0
1109,146,8/5/2024,0
1110,146,5/4/2024,126.41
1111,146,1/7/2023,0
1112,146,3/3/2023,0
1113,146,5/7/2023,0
1114,146,2/12/2023,0
1115,146,10/20/2023,0
1116,146,2/2/2023,0
1117,147,1/20/2023,0
1118,147,12/29/2021,0
1119,147,4/26/2022,0
1120,147,7/3/2022,0
1121,147,8/18/2021,0
1122,147,3/26/2022,0
1123,147,10/7/2022,0
1124,147,11/25/2021,0
1125,148,3/29/2024,0
1126,148,5/17/2024,169.92
1127,148,7/29/2023,473.86
1128,148,3/8/2024,0
1129,148,1/25/2025,0
1130,148,7/30/2024,0
1131,148,12/20/2023,0
1132,149,11/13/2022,0
1133,149,10/7/2023,0
1134,149,9/23/2022,0
1135,149,12/5/2022,0
1136,149,2/28/2023,0
1137,149,8/19/2023,0
1138,149,2/13/2023,0
1139,149,8/22/2023,0
1140,149,6/21/2022,0
1141,149,8/7/2022,0
1142,149,4/9/2022,0
1143,149,2/21/2022,0
1144,149,2/17/2023,0
1145,149,9/9/2022,0
1146,149,7/31/2022,0
1147,149,10/17/2022,0
1148,149,4/7/2022,0
1149,149,7/6/2022,0
1150,149,4/19/2022,0
1151,149,6/25/2022,0
1152,150,4/8/2024,358.87
1153,151,10/7/2024,0
1154,151,4/26/2023,499.35
1155,151,11/12/2023,0
1156,151,1/7/2024,0
1157,151,8/5/2024,0
1158,151,1/13/2023,0
1159,151,8/8/2023,81.95
1160,151,2/25/2023,231.23
1161,152,4/14/2022,0
1162,152,1/23/2023,0
1163,152,2/2/2022,0
1164,153,8/6/2023,206.44
1165,153,10/9/2024,229.37
1166,153,11/26/2024,0
1167,153,9/30/2024,0
1168,153,4/13/2024,0
1169,154,8/27/2021,0
1170,154,8/23/2021,0
1171,154,2/8/2023,0
1172,154,4/27/2022,319.21
1173,154,1/4/2022,0
1174,154,11/9/2021,0
1175,154,2/25/2023,0
1176,154,9/16/2022,0
1177,154,3/7/2022,0
1178,154,1/1/2023,0
1179,154,12/31/2021,0
1180,154,8/4/2022,0
1181,154,9/22/2022,0
1182,154,12/31/2022,0
1183,154,6/6/2023,0
1184,155,10/5/2022,0
1185,155,3/25/2023,0
1186,156,10/18/2023,0
1187,156,5/19/2023,0
1188,156,4/1/2022,0
1189,156,12/29/2022,0
1190,157,2/18/2023,0
1191,157,4/15/2024,0
1192,157,6/19/2023,0
1193,157,10/26/2023,0
1194,157,5/20/2023,0
1195,157,4/4/2024,0
1196,157,10/8/2023,0
1197,157,8/26/2024,0
1198,157,3/15/2023,0
1199,157,10/27/2024,0
1200,157,1/24/2024,0
1201,157,1/3/2025,0
1202,157,9/15/2023,0
1203,157,2/15/2024,99.93
1204,157,3/20/2023,272.96
1205,158,12/7/2021,0
1206,158,12/18/2021,0
1207,158,5/18/2022,179
1208,158,7/26/2023,0
1209,158,12/8/2022,0
1210,158,12/12/2021,0
1211,158,3/26/2022,0
1212,158,1/19/2022,0
1213,158,10/7/2022,0
1214,158,6/20/2022,0
1215,158,12/12/2021,0
1216,158,3/14/2023,0
1217,158,8/16/2023,0
1218,158,10/21/2022,0
1219,158,7/19/2022,0
1220,159,6/5/2022,0
1221,159,8/29/2022,0
1222,159,10/23/2021,193.24
1223,160,11/12/2023,0
1224,160,9/29/2024,0
1225,160,12/17/2023,0
1226,161,4/2/2022,427.29
1227,161,9/6/2022,0
1228,161,2/19/2022,0
1229,162,4/12/2024,0
1230,162,1/5/2024,463.01
1231,163,7/2/2023,0
1232,163,3/17/2024,0
1233,163,4/8/2024,0
1234,163,11/2/2024,0
1235,163,11/6/2023,0
1236,163,3/9/2024,0
1237,163,2/9/2023,0
1238,163,4/30/2024,0
1239,164,5/25/2021,435.4
1240,164,10/11/2022,0
1241,164,12/2/2022,0
1242,164,6/25/2021,0
1243,164,11/24/2021,0
1244,164,8/6/2021,0
1245,164,12/31/2022,0
1246,164,9/15/2021,0
1247,164,4/19/2022,0
1248,164,11/13/2021,0
1249,164,1/19/2023,0
1250,165,6/13/2023,0
1251,165,5/25/2023,0
1252,165,4/22/2023,0
1253,165,4/25/2023,0
1254,165,7/12/2023,0
1255,165,9/16/2023,0
1256,165,3/17/2024,0
1257,165,6/5/2024,201.52
1258,165,5/16/2023,0
1259,165,7/22/2024,0
1260,165,5/5/2023,0
1261,165,8/4/2023,0
1262,165,10/11/2022,0
1263,165,10/24/2023,0
1264,165,9/10/2022,0
1265,165,2/16/2024,0
1266,165,8/25/2023,378.17
1267,165,12/13/2022,0
1268,166,1/6/2023,0
1269,166,6/3/2022,0
1270,166,12/20/2022,0
1271,166,8/4/2021,0
1272,166,12/1/2021,0
1273,166,4/15/2022,0
1274,166,5/12/2023,0
1275,166,4/29/2023,0
1276,166,2/25/2023,0
1277,166,3/8/2023,0
1278,166,4/11/2023,0
1279,166,8/17/2022,0
1280,166,4/22/2022,0
1281,166,4/24/2023,0
1282,166,12/15/2021,0
1283,166,6/3/2023,0
1284,166,7/18/2022,0
1285,166,10/31/2021,0
1286,166,11/24/2022,0
1287,166,5/25/2022,0
1288,166,1/2/2022,0
1289,166,5/30/2023,0
1290,166,4/19/2022,0
1291,166,4/8/2023,0
1292,166,12/15/2021,0
1293,167,7/22/2023,0
1294,167,1/9/2023,0
1295,167,7/19/2023,0
1296,167,9/28/2023,0
1297,167,12/22/2022,123.02
1298,167,4/24/2022,159.83
1299,167,5/30/2023,0
1300,167,5/2/2023,0
1301,167,7/8/2023,0
1302,167,1/27/2024,0
1303,167,10/1/2022,0
1304,167,5/7/2023,0
1305,167,1/13/2023,0
1306,167,9/27/2022,0
1307,167,2/3/2024,0
1308,167,9/1/2022,0
1309,167,9/11/2022,59.97
1310,167,2/28/2023,0
1311,167,2/1/2023,0
1312,167,2/7/2023,441.03
1313,167,9/8/2023,122.04
1314,168,10/21/2023,187.36
1315,168,7/25/2023,0
1316,168,7/3/2024,0
1317,168,8/16/2024,0
1318,168,4/16/2023,0
1319,168,9/16/2023,0
1320,169,1/25/2024,0
1321,169,4/15/2023,0
1322,169,7/10/2024,0
1323,169,8/18/2023,0
1324,169,1/19/2024,0
1325,169,12/20/2024,0
1326,169,10/21/2023,0
1327,169,7/28/2024,0
1328,169,11/15/2023,0
1329,169,2/10/2024,0
1330,169,11/9/2023,0
1331,169,10/16/2023,0
1332,169,12/26/2024,0
1333,169,4/2/2024,0
1334,169,12/5/2024,0
1335,169,5/14/2023,243.58
1336,169,5/23/2024,0
1337,170,2/12/2024,0
1338,170,1/25/2024,159.01
1339,170,4/7/2024,68.97
1340,171,8/3/2023,0
1341,171,10/18/2023,0
1342,172,4/6/2023,0
1343,172,10/28/2022,0
1344,173,10/25/2024,0
1345,173,7/27/2023,0
1346,173,1/17/2025,0
1347,173,2/5/2025,0
1348,173,3/5/2024,0
1349,173,5/29/2023,0
1350,173,9/3/2024,0
1351,173,6/9/2024,0
1352,173,5/16/2024,0
1353,173,5/26/2024,0
1354,173,12/28/2024,0
1355,173,10/29/2023,0
1356,173,7/23/2023,0
1357,173,8/11/2023,0
1358,174,7/28/2023,0
1359,175,12/26/2023,0
1360,175,12/17/2023,0
1361,175,4/22/2024,0
1362,175,1/10/2025,0
1363,175,5/4/2025,0
1364,176,1/26/2024,0
1365,177,9/9/2022,0
1366,177,1/7/2023,0
1367,177,3/31/2023,0
1368,177,6/8/2022,0
1369,177,8/21/2022,0
1370,177,9/12/2023,0
1371,177,5/9/2023,0
1372,177,9/19/2022,0
1373,177,4/20/2023,0
1374,177,3/24/2023,0
1375,177,3/12/2023,0
1376,177,5/6/2022,0
1377,177,5/2/2022,0
1378,177,4/14/2022,0
1379,177,4/9/2023,0
1380,177,5/26/2023,0
1381,177,9/2/2023,0
1382,177,9/25/2022,0
1383,177,9/5/2022,0
1384,177,12/15/2022,466.95
1385,177,9/26/2023,0
1386,177,10/4/2022,0
1387,177,3/22/2022,0
1388,177,7/21/2022,0
1389,177,8/29/2022,0
1390,178,8/17/2023,0
1391,178,6/13/2024,381.79
1392,179,12/17/2023,0
1393,179,8/10/2023,0
1394,179,11/7/2022,0
1395,179,8/5/2024,123.18
1396,179,7/2/2024,0
1397,179,8/24/2023,0
1398,179,11/14/2022,0
1399,179,4/23/2023,0
1400,179,7/18/2023,0
1401,179,7/1/2024,0
1402,179,11/24/2022,0
1403,179,9/29/2023,0
1404,179,4/26/2023,0
1405,179,6/10/2024,0
1406,179,1/12/2024,0
1407,179,12/4/2023,362.46
1408,179,3/1/2024,0
1409,180,1/28/2024,0
1410,180,4/5/2023,0
1411,180,7/22/2023,0
1412,180,2/14/2024,0
1413,180,6/25/2022,0
1414,181,1/21/2023,0
1415,182,5/18/2022,0
1416,182,4/8/2023,0
1417,182,6/8/2023,0
1418,182,12/11/2022,0
1419,182,3/18/2022,0
1420,182,4/6/2022,362.88
1421,182,12/14/2021,0
1422,182,5/31/2022,0
1423,182,5/1/2022,0
1424,182,5/24/2022,0
1425,182,1/4/2023,0
1426,182,9/27/2021,65.34
1427,183,9/26/2021,0
1428,183,10/31/2022,0
1429,183,5/19/2022,0
1430,184,1/11/2022,293.44
1431,184,1/15/2023,97.93
1432,184,4/15/2023,0
1433,185,5/18/2023,0
1434,185,4/27/2024,0
1435,186,5/10/2025,0
1436,186,12/1/2023,330.93
1437,186,11/24/2024,0
1438,186,3/3/2025,0
1439,186,8/3/2024,0
1440,186,10/30/2023,0
1441,187,12/20/2023,0
1442,187,11/7/2024,0
1443,187,9/22/2024,0
1444,187,5/7/2024,0
1445,187,11/6/2023,0
1446,187,11/8/2024,0
1447,187,9/28/2024,0
1448,187,6/12/2023,0
1449,187,9/4/2023,0
1450,187,3/8/2025,0
1451,187,7/9/2023,0
1452,187,12/23/2023,0
1453,188,5/1/2022,0
1454,188,9/8/2021,0
1455,188,5/20/2021,0
1456,189,9/2/2024,0
1457,189,7/31/2024,0
1458,189,12/5/2024,143.75
1459,189,1/21/2025,64.31
1460,189,4/29/2025,0
1461,189,1/12/2024,0
1462,190,5/31/2023,0
1463,190,4/26/2022,0
1464,190,1/5/2022,0
1465,190,9/6/2022,393.9
1466,190,1/14/2023,0
1467,190,6/11/2022,144.97
1468,190,5/27/2022,0
1469,191,8/25/2022,0
1470,192,1/11/2024,0
1471,193,6/2/2024,0
1472,193,4/26/2024,0
1473,193,11/17/2023,207.59
1474,193,3/25/2025,0
1475,193,6/25/2024,0
1476,193,5/25/2025,0
1477,194,5/18/2021,0
1478,194,9/23/2021,0
1479,195,2/11/2025,0
1480,195,12/15/2023,0
1481,196,6/22/2022,0
1482,196,3/3/2022,0
1483,196,11/27/2021,0
1484,196,3/6/2023,0
1485,196,2/2/2022,0
1486,196,4/3/2023,0
1487,196,11/3/2021,0
1488,196,7/25/2022,0
1489,196,6/20/2023,0
1490,196,8/18/2021,0
1491,196,12/31/2022,0
1492,196,3/9/2022,0
1493,196,11/27/2021,0
1494,196,5/24/2022,0
1495,196,10/2/2021,0
1496,196,8/25/2022,0
1497,196,2/17/2023,0
1498,196,10/19/2022,0
1499,197,12/25/2022,108.23
1500,198,2/16/2023,0
1501,198,10/14/2021,353.03
1502,199,9/5/2021,0
1503,199,1/31/2022,0
1504,199,2/28/2022,0
1505,199,7/4/2021,0
1506,199,4/25/2021,0
1507,199,11/22/2021,0
1508,199,7/6/2021,0
1509,199,5/3/2022,0
1510,200,2/12/2024,0
1511,200,5/29/2024,0
1512,200,5/1/2024,0
1513,201,8/28/2023,0
1514,202,1/1/2023,0
1515,202,2/1/2022,371.35
1516,202,5/13/2021,0
1517,202,8/11/2021,0
1518,202,2/6/2023,0
1519,202,10/16/2021,473.57
1520,203,4/23/2023,0
1521,204,11/6/2022,0
1522,204,2/24/2024,0
1523,204,3/3/2024,0
1524,204,1/20/2024,0
1525,204,8/14/2022,454.2
1526,204,6/15/2023,0
1527,204,3/28/2023,0
1528,204,11/19/2023,0
1529,205,10/29/2022,0
1530,205,11/3/2022,0
1531,205,8/9/2021,0
1532,206,8/17/2022,0
1533,207,6/12/2024,0
1534,207,1/3/2024,0
1535,207,7/20/2024,0
1536,207,5/14/2024,297.63
1537,207,1/6/2025,0
1538,207,10/18/2024,0
1539,207,9/13/2024,64.81
1540,207,5/22/2024,0
1541,207,4/22/2024,0
1542,207,4/20/2024,0
1543,207,10/29/2024,353.31
1544,207,11/30/2024,0
1545,207,12/2/2024,327.53
1546,207,2/20/2024,0
1547,207,1/14/2024,0
1548,208,2/29/2024,0
1549,208,1/7/2024,0
1550,208,3/1/2024,0
1551,208,5/28/2024,0
1552,208,8/9/2024,0
1553,208,6/27/2024,0
1554,208,9/2/2024,0
1555,209,4/18/2023,0
1556,209,3/9/2023,125.87
1557,209,10/3/2022,0
1558,209,3/5/2023,0
1559,209,5/26/2023,468.5
1560,209,3/21/2022,448.13
1561,209,2/13/2022,0
1562,210,4/12/2024,0
1563,210,5/23/2023,0
1564,210,5/25/2024,0
1565,211,1/29/2024,319.05
1566,211,2/16/2024,0
1567,211,4/28/2025,242.35
1568,211,5/10/2025,0
1569,211,11/19/2023,0
1570,211,3/16/2025,0
1571,212,3/10/2022,0
1572,212,3/31/2023,0
1573,212,9/6/2022,0
1574,212,7/29/2022,0
1575,212,6/24/2022,0
1576,212,8/12/2022,0
1577,212,9/2/2021,0
1578,212,4/15/2022,419.07
1579,212,11/11/2022,0
1580,212,12/4/2022,0
1581,212,7/15/2022,0
1582,212,1/10/2023,0
1583,212,8/23/2021,486.53
1584,212,11/29/2022,0
1585,212,7/20/2022,0
1586,213,10/22/2023,172.67
1587,213,3/31/2023,460.43
1588,213,2/18/2024,107.86
1589,213,2/3/2025,0
1590,213,4/6/2024,0
1591,213,3/13/2023,275.22
1592,213,5/8/2024,487.98
1593,213,4/5/2023,0
1594,214,7/13/2022,0
1595,214,5/27/2022,0
1596,214,12/6/2023,52.55
1597,215,11/24/2023,0
1598,215,7/2/2023,0
1599,215,5/23/2023,0
1600,215,9/20/2024,0
1601,215,1/9/2024,0
1602,215,8/20/2024,0
1603,215,11/4/2023,0
1604,215,5/4/2024,0
1605,215,8/1/2023,0
1606,215,4/11/2023,0
1607,215,7/10/2023,0
1608,215,2/9/2024,0
1609,216,1/12/2023,0
1610,217,1/19/2024,371.61
1611,217,2/9/2024,0
1612,217,1/31/2023,0
1613,217,6/21/2023,0
1614,217,4/15/2024,420.79
1615,217,9/23/2023,0
1616,217,12/6/2022,0
1617,217,12/3/2023,0
1618,217,12/15/2022,0
1619,217,4/12/2023,0
1620,217,5/29/2023,0
1621,217,12/29/2023,0
1622,217,11/19/2022,0
1623,217,4/1/2024,0
1624,217,8/13/2023,0
1625,217,11/7/2022,0
1626,218,5/30/2025,486.98
1627,218,6/26/2025,304.39
1628,218,5/24/2025,0
1629,219,2/9/2023,0
1630,219,9/14/2023,0
1631,219,7/20/2024,0
1632,219,8/17/2024,0
1633,219,3/8/2023,0
1634,219,12/13/2022,0
1635,219,9/30/2023,0
1636,219,11/29/2022,0
1637,219,3/14/2024,0
1638,219,8/18/2024,0
1639,219,2/15/2023,0
1640,219,5/5/2024,0
1641,220,6/10/2023,0
1642,220,12/3/2022,0
1643,220,6/10/2022,0
1644,220,4/28/2023,0
1645,220,10/31/2022,0
1646,220,1/27/2023,278.54
1647,220,11/20/2022,0
1648,220,2/24/2024,0
1649,220,5/11/2022,0
1650,220,12/16/2023,0
1651,221,8/29/2024,378.46
1652,221,4/7/2024,0
1653,221,4/7/2025,0
1654,221,10/26/2024,0
1655,222,1/5/2024,0
1656,222,1/22/2023,111.51
1657,222,3/13/2023,0
1658,223,10/11/2025,0
1659,224,7/26/2024,0
1660,224,10/25/2024,0
1661,224,5/23/2023,0
1662,224,4/20/2024,423.56
1663,224,7/7/2024,0
1664,224,5/30/2023,382.47
1665,224,1/31/2024,0
1666,224,8/20/2024,151.82
1667,224,8/5/2023,0
1668,224,7/29/2023,0
1669,224,8/10/2024,496.48
1670,224,12/26/2023,0
1671,224,2/22/2024,0
1672,224,3/22/2024,0
1673,224,5/21/2024,0
1674,224,12/11/2023,0
1675,224,7/1/2024,0
1676,224,11/28/2024,0
1677,225,4/9/2022,0
1678,225,12/9/2022,183.65
1679,225,11/20/2022,0
1680,226,10/7/2021,0
1681,226,7/14/2023,0
1682,226,7/1/2022,0
1683,226,12/29/2021,0
1684,226,7/3/2023,50.54
1685,226,7/6/2023,0
1686,226,8/14/2022,0
1687,226,2/22/2023,0
1688,226,3/25/2022,0
1689,226,11/11/2021,0
1690,226,7/4/2023,0
1691,226,4/6/2023,0
1692,226,12/29/2021,0
1693,226,8/3/2022,0
1694,226,5/14/2022,0
1695,226,2/6/2023,0
1696,227,8/6/2022,0
1697,227,8/26/2023,0
1698,227,8/12/2022,0
1699,228,3/30/2023,0
1700,228,6/5/2022,0
1701,228,6/2/2023,0
1702,228,4/5/2023,0
1703,228,4/16/2023,0
1704,228,2/10/2024,0
1705,228,3/18/2023,0
1706,228,12/28/2023,0
1707,228,8/16/2023,0
1708,228,12/27/2022,0
1709,228,4/24/2022,0
1710,229,7/1/2021,0
1711,229,11/24/2022,0
1712,229,6/13/2021,0
1713,229,7/26/2021,0
1714,229,9/27/2021,0
1715,229,7/7/2022,0
1716,229,3/11/2022,0
1717,229,9/3/2022,0
1718,229,7/5/2021,0
1719,229,11/24/2022,0
1720,229,4/19/2021,362.96
1721,229,3/16/2021,0
1722,229,2/7/2022,0
1723,230,5/3/2023,0
1724,230,12/13/2022,0
1725,230,9/25/2021,0
1726,230,6/2/2023,0
1727,230,1/3/2022,0
1728,230,9/10/2021,0
1729,230,3/18/2022,0
1730,230,4/4/2023,0
1731,230,5/26/2023,0
1732,230,4/17/2022,0
1733,230,9/4/2021,0
1734,230,11/14/2022,0
1735,230,5/6/2022,0
1736,230,3/29/2022,0
1737,230,2/13/2023,0
1738,230,10/26/2021,0
1739,230,10/22/2021,0
1740,230,4/1/2022,0
1741,230,4/14/2023,0
1742,230,6/9/2022,0
1743,230,3/25/2022,0
1744,230,3/18/2022,0
1745,230,1/30/2022,0
1746,230,2/19/2023,0
1747,231,8/16/2024,0
1748,232,1/20/2023,0
1749,232,8/27/2022,0
1750,232,3/20/2022,71.46
1751,232,3/21/2022,0
1752,232,3/6/2022,0
1753,232,9/2/2023,0
1754,232,8/15/2022,0
1755,232,1/5/2023,0
1756,232,11/7/2022,0
1757,232,2/14/2023,0
1758,232,1/22/2023,0
1759,232,11/23/2021,0
1760,232,7/5/2023,0
1761,232,9/4/2023,0
1762,232,8/1/2022,0
1763,232,11/3/2022,0
1764,232,3/19/2023,0
1765,232,1/29/2022,0
1766,233,11/8/2023,0
1767,233,1/1/2025,0
1768,233,3/5/2025,0
1769,233,12/29/2024,0
1770,233,9/29/2023,0
1771,233,9/16/2023,0
1772,233,3/24/2024,0
1773,233,2/2/2024,0
1774,233,1/12/2024,0
1775,233,1/2/2025,0
1776,233,6/3/2024,0
1777,233,11/7/2024,0
1778,233,10/12/2023,140.91
1779,233,7/11/2023,0
1780,234,3/11/2025,0
1781,234,3/16/2025,125.43
1782,234,3/7/2024,0
1783,235,3/26/2023,0
1784,236,2/20/2025,0
1785,236,9/27/2024,0
1786,236,4/22/2025,0
1787,236,2/20/2025,0
1788,236,12/31/2024,0
1789,236,7/7/2025,0
1790,236,9/6/2025,0
1791,236,9/3/2024,0
1792,236,4/5/2025,0
1793,236,1/30/2024,0
1794,236,5/11/2025,0
1795,236,3/27/2025,0
1796,236,6/8/2024,63.41
1797,236,2/22/2025,0
1798,236,5/9/2025,0
1799,236,4/23/2025,0
1800,236,9/2/2025,0
1801,237,2/25/2024,111.68
1802,238,8/26/2024,345.5
1803,238,3/15/2023,0
1804,238,8/5/2024,0
1805,238,11/17/2023,0
1806,239,12/13/2022,0
1807,240,7/20/2024,0
1808,240,11/17/2024,0
1809,240,1/30/2024,0
1810,240,9/26/2025,420.34
1811,240,9/7/2024,0
1812,241,7/2/2021,0
1813,241,5/9/2022,0
1814,241,9/8/2021,0
1815,241,11/11/2022,0
1816,241,1/28/2022,0
1817,241,11/16/2021,0
1818,241,11/11/2022,0
1819,241,2/7/2021,0
1820,241,6/30/2022,492.81
1821,241,9/4/2022,0
1822,241,10/6/2021,0
1823,241,6/19/2022,0
1824,241,4/15/2022,0
1825,241,10/20/2022,0
1826,241,2/13/2021,0
1827,241,4/24/2021,0
1828,241,12/3/2022,0
1829,241,7/22/2021,0
1830,241,8/20/2021,0
1831,241,2/15/2021,0
1832,241,3/12/2021,0
1833,241,5/14/2021,0
1834,242,12/2/2022,0
1835,242,3/27/2022,0
1836,242,2/23/2022,0
1837,242,12/23/2022,0
1838,242,6/21/2022,0
1839,242,1/17/2022,0
1840,242,3/26/2023,0
1841,242,12/12/2022,0
1842,242,5/6/2023,0
1843,242,12/23/2022,0
1844,242,11/5/2021,0
1845,242,9/17/2022,0
1846,242,2/4/2023,0
1847,242,8/13/2021,0
1848,242,12/30/2021,0
1849,242,4/29/2023,0
1850,242,8/20/2021,0
1851,242,9/17/2022,0
1852,243,10/18/2022,0
1853,243,8/13/2022,0
1854,243,9/28/2022,282.49
1855,244,8/13/2024,0
1856,245,2/16/2023,0
1857,245,6/27/2023,0
1858,245,12/18/2022,0
1859,245,10/18/2023,0
1860,245,12/27/2023,0
1861,245,4/7/2023,0
1862,245,9/20/2023,0
1863,245,2/20/2024,0
1864,245,11/17/2023,0
1865,245,2/4/2023,0
1866,245,6/29/2022,0
1867,245,9/7/2022,0
1868,245,9/21/2023,0
1869,245,3/16/2023,0
1870,245,12/31/2022,0
1871,245,3/18/2024,0
1872,245,10/31/2023,0
1873,246,7/16/2022,0
1874,246,4/30/2022,170.75
1875,246,9/12/2022,0
1876,246,7/6/2021,0
1877,246,11/23/2022,0
1878,246,7/11/2022,0
1879,246,5/26/2022,0
1880,246,1/4/2023,0
1881,246,2/28/2023,0
1882,246,9/6/2022,0
1883,246,5/8/2022,0
1884,246,9/18/2022,0
1885,246,10/28/2021,0
1886,246,5/3/2022,0
1887,247,8/21/2025,0
1888,247,5/25/2024,0
1889,248,7/18/2023,0
1890,248,3/13/2023,0
1891,248,9/18/2022,0
1892,248,12/6/2021,0
1893,249,11/13/2023,0
1894,249,12/19/2022,0
1895,249,9/26/2023,0
1896,249,7/4/2022,0
1897,249,6/4/2022,0
1898,249,11/21/2023,0
1899,249,6/28/2022,0
1900,249,6/5/2022,0
1901,249,11/2/2022,0
1902,249,3/10/2024,0
1903,249,4/19/2023,0
1904,250,1/10/2023,0
1905,250,11/14/2022,0
1906,250,5/2/2022,0
1907,250,2/8/2022,0
1908,250,12/19/2021,0
1909,251,2/9/2023,0
1910,251,1/21/2022,0
1911,251,2/15/2022,0
1912,251,10/16/2021,0
1913,251,3/8/2022,0
1914,251,2/11/2023,0
1915,251,4/24/2022,0
1916,251,10/10/2021,0
1917,251,3/16/2023,0
1918,251,12/10/2022,0
1919,251,11/23/2021,0
1920,251,7/2/2021,0
1921,251,2/26/2023,0
1922,252,12/30/2023,0
1923,252,5/14/2023,440.67
1924,253,5/23/2023,0
1925,254,4/19/2025,0
1926,254,6/6/2024,0
1927,254,10/10/2023,0
1928,254,5/28/2024,0
1929,254,11/2/2024,0
1930,254,10/31/2024,0
1931,254,12/4/2024,0
1932,254,3/18/2024,458.91
1933,254,5/23/2024,0
1934,254,12/28/2023,0
1935,254,6/3/2024,0
1936,254,7/15/2025,495.43
1937,254,11/9/2024,0
1938,254,4/21/2025,0
1939,254,4/9/2024,0
1940,254,12/9/2024,0
1941,254,1/10/2024,0
1942,254,1/5/2025,0
1943,254,10/16/2024,0
1944,254,10/22/2023,0
1945,254,2/17/2025,0
1946,254,5/13/2024,0
1947,255,4/11/2022,0
1948,256,10/11/2021,0
1949,256,12/26/2021,0
1950,256,6/13/2022,0
1951,256,5/1/2023,0
1952,256,12/1/2021,0
1953,257,3/28/2025,0
1954,257,1/15/2024,0
1955,258,11/25/2024,0
1956,258,10/14/2024,0
1957,258,4/1/2025,0
1958,258,12/10/2023,0
1959,258,8/19/2023,0
1960,258,4/7/2024,0
1961,258,8/12/2024,0
1962,259,7/29/2022,0
1963,259,8/5/2021,0
1964,259,10/25/2021,0
1965,259,6/3/2021,0
1966,259,9/8/2022,0
1967,259,6/18/2022,314.04
1968,259,5/10/2022,0
1969,259,2/2/2023,0
1970,259,11/15/2021,0
1971,259,3/3/2023,0
1972,259,8/25/2022,0
1973,259,2/3/2022,0
1974,260,3/9/2022,0
1975,260,2/27/2022,0
1976,260,6/7/2022,0
1977,260,4/7/2022,0
1978,260,6/11/2022,0
1979,260,2/21/2021,0
1980,260,8/1/2021,0
1981,260,11/22/2021,0
1982,260,9/25/2021,0
1983,260,1/1/2022,0
1984,260,12/18/2021,0
1985,261,11/28/2022,391.13
1986,261,8/31/2023,0
1987,261,6/19/2023,0
1988,261,3/14/2024,0
1989,261,1/9/2023,0
1990,261,7/22/2022,0
1991,261,1/4/2023,0
1992,261,2/20/2024,0
1993,261,3/7/2024,0
1994,261,2/12/2023,0
1995,261,6/1/2024,0
1996,261,3/25/2024,0
1997,261,2/4/2023,0
1998,261,7/24/2023,0
1999,262,3/19/2023,0
2000,262,9/29/2023,0
2001,262,2/10/2023,0
2002,263,9/27/2024,0
2003,263,11/7/2023,0
2004,263,10/12/2023,0
2005,263,7/6/2023,0
2006,263,4/12/2023,0
2007,263,4/6/2023,0
2008,263,7/29/2023,0
2009,263,1/28/2023,0
2010,263,3/27/2023,0
2011,263,6/30/2023,0
2012,264,10/7/2023,257.57
2013,264,2/6/2023,221.92
2014,264,2/10/2024,0
2015,264,1/13/2024,0
2016,264,5/9/2024,0
2017,264,5/10/2024,70.35
2018,265,5/21/2023,0
2019,266,12/30/2024,0
2020,266,9/13/2024,461.7
2021,267,8/19/2022,0
2022,267,5/1/2023,0
2023,267,12/19/2022,193.46
2024,267,6/4/2022,0
2025,268,2/16/2023,314.74
2026,268,9/28/2022,0
2027,269,12/8/2024,0
2028,269,7/26/2023,0
2029,269,7/31/2023,0
2030,269,7/7/2023,0
2031,269,1/19/2025,0
2032,269,4/9/2023,0
2033,269,1/8/2024,100.22
2034,269,7/28/2023,0
2035,269,7/25/2024,0
2036,269,10/14/2024,0
2037,269,10/2/2023,0
2038,270,3/25/2022,0
2039,270,11/25/2022,0
2040,270,1/6/2022,0
2041,270,5/5/2022,0
2042,270,12/12/2022,0
2043,270,6/23/2022,0
2044,270,9/19/2022,0
2045,270,2/16/2022,0
2046,270,4/9/2022,0
2047,270,6/5/2022,0
2048,270,7/5/2023,0
2049,270,9/17/2021,0
2050,270,4/28/2023,0
2051,270,10/14/2021,0
2052,270,1/19/2022,258.14
2053,271,4/30/2025,0
2054,271,1/3/2025,0
2055,271,2/22/2024,0
2056,271,4/15/2024,0
2057,271,5/3/2024,0
2058,271,7/11/2024,0
2059,271,6/11/2024,0
2060,271,9/22/2025,0
2061,271,10/3/2024,0
2062,272,7/24/2024,353.9
2063,272,7/16/2023,0
2064,273,8/9/2023,0
2065,273,1/31/2024,0
2066,273,9/22/2023,0
2067,273,4/20/2023,0
2068,273,7/9/2022,0
2069,273,3/10/2023,0
2070,273,3/20/2024,0
2071,273,2/5/2024,0
2072,273,7/18/2023,0
2073,273,5/16/2023,0
2074,273,6/24/2023,0
2075,273,9/6/2022,0
2076,273,11/7/2023,0
2077,273,10/14/2023,0
2078,273,3/13/2023,0
2079,273,4/25/2023,0
2080,273,12/24/2022,0
2081,274,10/17/2023,382.39
2082,274,4/22/2025,0
2083,274,6/24/2024,0
2084,274,1/4/2025,0
2085,274,10/6/2023,0
2086,274,7/31/2024,0
2087,275,11/10/2023,0
2088,275,11/7/2023,0
2089,276,3/30/2024,0
2090,277,8/22/2023,0
2091,277,6/26/2023,0
2092,277,5/30/2024,0
2093,277,4/26/2024,0
2094,277,10/31/2023,0
2095,277,4/23/2024,0
2096,277,2/13/2024,0
2097,277,11/20/2024,0
2098,277,9/11/2024,0
2099,277,2/14/2024,0
2100,277,7/30/2023,0
2101,277,9/30/2023,0
2102,277,9/5/2024,0
2103,277,11/15/2023,0
2104,278,1/21/2024,0
2105,278,3/23/2025,0
2106,278,9/15/2023,0
2107,278,5/5/2024,245.04
2108,279,10/10/2021,0
2109,279,11/25/2022,0
2110,279,8/13/2022,0
2111,279,5/5/2021,0
2112,279,9/21/2021,0
2113,279,4/3/2022,0
2114,279,3/18/2021,0
2115,279,5/7/2022,0
2116,279,8/23/2021,0
2117,280,12/22/2023,452.09
2118,280,2/1/2023,0
2119,281,12/3/2022,0
2120,281,4/28/2021,0
2121,281,9/7/2021,414.44
2122,281,7/11/2021,0
2123,281,8/3/2021,0
2124,281,1/9/2022,0
2125,281,4/29/2022,0
2126,281,6/27/2021,0
2127,281,8/14/2022,0
2128,282,9/19/2023,0
2129,282,12/26/2022,0
2130,282,6/8/2023,0
2131,282,3/11/2022,0
2132,282,1/20/2023,0
2133,282,11/19/2021,453.13
2134,282,12/11/2021,0
2135,282,4/7/2023,0
2136,282,1/20/2023,0
2137,282,2/2/2023,0
2138,282,11/13/2022,0
2139,282,8/8/2022,0
2140,282,8/23/2022,0
2141,282,11/1/2022,0
2142,282,9/18/2022,0
2143,282,12/5/2021,0
2144,282,10/13/2022,0
2145,283,8/13/2023,0
2146,284,4/6/2023,0
2147,284,10/7/2022,0
2148,284,1/21/2023,0
2149,284,7/15/2022,0
2150,284,9/15/2023,0
2151,284,3/12/2023,0
2152,284,11/26/2022,0
2153,284,2/16/2022,0
2154,284,2/19/2022,0
2155,284,11/23/2022,0
2156,284,10/12/2022,0
2157,284,5/13/2022,0
2158,284,3/15/2022,0
2159,284,8/2/2022,0
2160,284,5/19/2023,0
2161,284,7/18/2022,113.37
2162,285,8/5/2023,0
2163,285,6/18/2023,0
2164,285,9/6/2023,0
2165,285,2/29/2024,0
2166,285,12/21/2022,0
2167,285,12/14/2022,0
2168,286,5/22/2024,0
2169,286,4/4/2024,197.87
2170,286,10/9/2024,456.27
2171,286,6/8/2025,0
2172,286,12/18/2023,0
2173,287,6/4/2023,0
2174,287,3/1/2024,0
2175,287,2/8/2023,0
2176,287,9/3/2023,0
2177,287,5/18/2022,0
2178,287,3/23/2023,0
2179,287,9/6/2022,0
2180,287,5/30/2022,0
2181,288,6/10/2024,0
2182,288,11/7/2023,367.29
2183,288,1/24/2025,495.75
2184,288,6/11/2024,0
2185,289,8/24/2023,0
2186,289,9/11/2024,0
2187,289,8/11/2023,0
2188,290,3/8/2025,0
2189,290,10/25/2023,0
2190,290,6/22/2024,0
2191,290,8/15/2023,0
2192,291,6/17/2021,358.67
2193,292,10/4/2022,0
2194,292,3/27/2024,327.52
2195,293,8/5/2021,0
2196,293,4/14/2023,0
2197,293,8/1/2021,0
2198,293,12/8/2021,0
2199,293,8/9/2021,0
2200,293,8/1/2021,0
2201,293,10/31/2022,0
2202,293,1/21/2023,0
2203,293,3/7/2023,0
2204,293,11/14/2022,0
2205,293,12/11/2021,0
2206,293,2/1/2022,0
2207,293,4/19/2022,0
2208,293,2/11/2023,0
2209,294,7/22/2022,0
2210,294,3/8/2022,0
2211,295,8/29/2022,0
2212,295,5/21/2023,0
2213,295,2/26/2023,0
2214,295,10/30/2022,0
2215,295,1/13/2024,0
2216,295,6/13/2023,0
2217,296,2/2/2023,435.84
2218,296,2/1/2023,0
2219,296,12/9/2022,192.98
2220,297,8/27/2024,0
2221,297,2/10/2023,0
2222,298,5/11/2024,0
2223,298,8/3/2023,0
2224,298,11/18/2023,0
2225,298,9/5/2024,0
2226,298,4/23/2024,0
2227,298,10/15/2023,0
2228,298,12/7/2024,0
2229,298,6/3/2023,0
2230,298,6/13/2023,0
2231,298,7/19/2023,0
2232,299,10/6/2025,0
2233,299,10/20/2024,319.21
2234,299,10/12/2025,228.62
2235,300,1/4/2025,0
2236,301,12/11/2023,0
2237,301,6/29/2023,0
2238,301,1/9/2024,0
2239,301,12/17/2022,470.09
2240,301,10/28/2023,0
2241,301,12/15/2023,0
2242,301,7/28/2022,0
2243,301,2/10/2024,0
2244,301,7/28/2023,0
2245,301,6/6/2022,0
2246,301,2/4/2023,0
2247,301,1/11/2023,0
2248,302,12/24/2023,155.76
2249,302,7/20/2023,0
2250,302,3/17/2023,0
2251,303,1/15/2025,0
2252,303,2/23/2025,0
2253,303,7/10/2024,0
2254,303,10/16/2024,0
2255,303,5/7/2025,116.58
2256,303,7/3/2024,0
2257,304,12/15/2022,0
2258,304,12/8/2022,0
2259,305,9/6/2024,0
2260,306,4/30/2024,0
2261,307,8/26/2021,0
2262,307,9/9/2022,0
2263,307,10/14/2022,0
2264,307,8/28/2022,451.76
2265,307,10/15/2022,0
2266,307,11/30/2022,0
2267,307,3/13/2022,0
2268,308,5/5/2024,0
2269,309,1/21/2025,0
2270,309,3/26/2025,0
2271,309,8/5/2023,0
2272,309,12/25/2023,0
2273,309,2/3/2024,0
2274,309,4/27/2024,0
2275,309,12/8/2024,0
2276,309,6/24/2023,0
2277,309,11/8/2023,301.98
2278,309,1/1/2025,0
2279,309,6/25/2023,0
2280,310,6/24/2024,397.76
2281,310,7/20/2024,0
2282,310,8/8/2024,0
2283,310,12/20/2024,0
2284,310,1/13/2025,0
2285,310,2/9/2025,0
2286,310,11/11/2023,0
2287,310,10/14/2024,0
2288,310,1/29/2025,0
2289,310,3/30/2025,0
2290,310,2/22/2024,0
2291,310,2/21/2025,0
2292,310,1/27/2024,0
2293,310,10/7/2024,290.41
2294,310,6/14/2024,0
2295,310,3/7/2025,0
2296,311,2/16/2025,0
2297,311,11/4/2023,0
2298,311,11/6/2023,0
2299,311,12/13/2024,0
2300,311,9/17/2023,0
2301,311,4/4/2025,0
2302,311,4/22/2025,0
2303,311,3/22/2024,0
2304,311,9/21/2024,0
2305,311,12/9/2024,0
2306,311,3/25/2024,0
2307,311,9/8/2024,0
2308,311,1/8/2025,0
2309,311,11/8/2023,0
2310,311,1/27/2024,0
2311,311,4/3/2025,0
2312,311,4/19/2024,0
2313,311,3/12/2025,0
2314,311,8/12/2024,0
2315,311,5/20/2024,0
2316,311,2/3/2024,0
2317,311,8/14/2024,0
2318,311,9/25/2024,0
2319,311,3/2/2025,0
2320,312,5/15/2021,0
2321,313,11/12/2023,142.83
2322,313,11/3/2023,459.29
2323,313,7/3/2023,0
2324,313,6/28/2024,0
2325,313,3/29/2024,0
2326,313,2/10/2024,0
2327,314,12/22/2023,0
2328,314,2/23/2025,0
2329,314,5/4/2024,0
2330,314,7/19/2023,174.61
2331,314,8/14/2024,0
2332,314,5/16/2023,308.64
2333,314,10/8/2023,0
2334,314,5/7/2024,0
2335,315,11/27/2023,0
2336,315,11/25/2024,0
2337,315,7/4/2024,0
2338,315,12/24/2024,0
2339,315,5/16/2024,368.58
2340,315,12/31/2024,0
2341,315,1/19/2024,0
2342,315,5/7/2025,0
2343,315,7/22/2024,0
2344,315,8/11/2023,0
2345,315,2/22/2024,0
2346,315,5/10/2024,0
2347,315,3/15/2024,0
2348,315,12/18/2023,0
2349,315,9/29/2024,0
2350,316,1/15/2023,383.72
2351,317,5/7/2022,0
2352,317,1/7/2023,0
2353,317,10/6/2022,0
2354,317,11/12/2022,0
2355,317,6/5/2022,0
2356,317,7/12/2023,0
2357,317,3/17/2023,66.48
2358,317,6/21/2022,0
2359,317,8/26/2022,0
2360,317,9/29/2022,0
2361,317,4/3/2023,0
2362,317,8/15/2023,190.63
2363,317,6/5/2023,0
2364,317,3/31/2022,0
2365,317,7/8/2023,0
2366,317,10/14/2021,0
2367,317,11/14/2022,0
2368,318,2/3/2022,0
2369,318,10/28/2023,0
2370,318,3/31/2023,0
2371,318,1/6/2023,451.19
2372,319,6/9/2023,0
2373,319,12/16/2023,0
2374,319,11/13/2022,0
2375,319,11/9/2023,0
2376,320,12/9/2023,0
2377,321,5/3/2021,0
2378,321,12/13/2021,0
2379,321,10/26/2022,377.27
2380,321,11/13/2021,0
2381,321,8/12/2022,0
2382,321,7/9/2022,0
2383,321,10/12/2021,0
2384,321,3/26/2022,0
2385,321,9/19/2022,0
2386,321,10/15/2021,0
2387,321,7/1/2022,0
2388,321,12/7/2021,0
2389,321,8/28/2021,0
2390,321,4/25/2022,0
2391,321,9/18/2022,0
2392,321,8/3/2022,195.1
2393,321,8/12/2021,0
2394,321,1/31/2023,0
2395,321,4/28/2022,0
2396,321,6/21/2021,0
2397,321,1/30/2023,0
2398,321,11/7/2022,0
2399,321,6/19/2022,0
2400,321,5/5/2021,0
2401,321,8/20/2021,0
2402,322,1/1/2024,0
2403,322,6/28/2023,0
2404,322,11/18/2023,0
2405,322,3/23/2024,0
2406,322,6/4/2024,0
2407,322,6/1/2024,217.23
2408,323,6/29/2025,0
2409,323,11/16/2025,0
2410,323,7/21/2024,0
2411,323,1/1/2025,0
2412,323,9/1/2024,0
2413,323,1/24/2025,0
2414,323,2/21/2024,0
2415,323,6/8/2024,0
2416,323,9/6/2025,0
2417,323,7/21/2025,0
2418,323,1/22/2025,0
2419,323,7/18/2024,0
2420,323,10/19/2025,0
2421,323,5/5/2024,0
2422,323,5/9/2024,0
2423,323,9/28/2025,0
2424,323,2/27/2025,66.2
2425,323,9/27/2024,0
2426,324,10/6/2024,0
2427,324,2/5/2023,491.14
2428,324,4/24/2023,0
2429,324,2/20/2023,0
2430,324,4/10/2023,0
2431,324,4/3/2023,0
2432,324,8/28/2023,0
2433,324,2/10/2024,0
2434,324,7/27/2023,0
2435,324,10/25/2024,242.34
2436,324,1/18/2024,0
2437,324,9/3/2023,0
2438,324,11/8/2024,0
2439,324,3/23/2024,0
2440,325,6/18/2022,0
2441,325,8/9/2022,0
2442,325,12/19/2022,0
2443,325,1/31/2022,0
2444,325,1/28/2022,0
2445,325,1/3/2023,0
2446,325,10/4/2021,0
2447,325,5/31/2022,0
2448,326,10/3/2024,454.6
2449,326,5/22/2024,0
2450,326,10/21/2023,0
2451,327,10/11/2024,0
2452,327,10/7/2024,0
2453,328,7/21/2024,0
2454,328,6/13/2025,0
2455,328,5/1/2024,177.73
2456,328,1/6/2025,0
2457,328,9/2/2024,140.64
2458,328,1/20/2025,0
2459,328,1/4/2025,0
2460,328,7/20/2025,0
2461,328,8/11/2025,0
2462,328,9/7/2024,0
2463,329,4/10/2024,0
2464,329,1/1/2023,0
2465,329,12/22/2022,0
2466,330,9/23/2023,0
2467,330,9/16/2022,0
2468,330,4/5/2024,0
2469,330,3/7/2024,0
2470,330,11/2/2023,484.42
2471,330,11/6/2022,0
2472,330,8/5/2022,0
2473,330,4/5/2024,0
2474,330,12/22/2023,0
2475,330,8/1/2023,78.97
2476,330,11/5/2022,0
2477,330,8/24/2023,0
2478,330,11/14/2022,0
2479,330,7/24/2022,0
2480,330,5/21/2023,0
2481,330,3/26/2023,0
2482,330,9/6/2022,0
2483,330,6/26/2022,0
2484,330,8/9/2023,0
2485,330,2/6/2023,0
2486,330,10/26/2023,0
2487,330,6/17/2022,0
2488,330,7/23/2023,344.04
2489,330,3/25/2023,0
2490,330,3/5/2024,0
2491,331,8/21/2024,0
2492,331,2/21/2024,0
2493,331,9/25/2024,0
2494,331,3/25/2024,0
2495,331,12/9/2024,0
2496,332,5/29/2024,0
2497,332,3/5/2024,250.59
2498,332,10/6/2023,295.51
2499,332,11/21/2022,0
2500,332,10/29/2023,334.58
2501,332,11/26/2023,0
2502,332,2/10/2023,0
2503,333,12/1/2023,0
2504,333,12/11/2022,0
2505,333,3/17/2024,0
2506,333,12/13/2023,58.95
2507,333,12/28/2023,0
2508,333,8/11/2023,0
2509,334,10/20/2024,0
2510,334,3/10/2024,0
2511,334,11/17/2024,0
2512,334,10/4/2024,0
2513,334,2/11/2024,0
2514,334,3/20/2025,0
2515,334,5/24/2024,0
2516,334,7/7/2024,0
2517,334,4/5/2025,0
2518,334,6/30/2024,0
2519,334,11/12/2023,0
2520,334,12/15/2023,0
2521,334,11/13/2023,0
2522,334,10/30/2024,260.28
2523,334,4/5/2024,348.12
2524,334,3/1/2025,0
2525,335,4/13/2024,0
2526,335,1/29/2024,0
2527,335,3/4/2023,0
2528,335,1/15/2024,236.67
2529,335,7/17/2024,0
2530,335,8/6/2024,0
2531,335,11/6/2023,0
2532,335,1/12/2023,0
2533,335,7/21/2023,0
2534,335,12/30/2023,0
2535,335,2/3/2024,0
2536,335,4/28/2024,0
2537,335,2/5/2024,0
2538,335,3/23/2024,0
2539,335,7/4/2023,0
2540,336,3/7/2023,0
2541,336,10/16/2022,0
2542,336,12/16/2023,0
2543,336,6/19/2023,98.26
2544,336,2/4/2023,0
2545,336,12/27/2022,0
2546,336,6/22/2023,0
2547,336,9/16/2022,207.09
2548,336,10/12/2022,0
2549,337,9/18/2024,0
2550,337,9/18/2023,0
2551,337,8/9/2024,284.32
2552,338,7/24/2024,498
2553,339,3/10/2023,0
2554,339,6/17/2022,0
2555,339,5/12/2023,0
2556,340,9/18/2022,0
2557,340,3/6/2022,0
2558,340,12/26/2022,273.24
2559,341,3/13/2024,0
2560,341,9/13/2024,0
2561,341,12/29/2024,0
2562,341,3/15/2024,0
2563,342,5/10/2024,0
2564,342,9/2/2023,0
2565,342,11/9/2023,0
2566,342,3/22/2023,0
2567,342,11/29/2023,0
2568,342,12/30/2023,73.2
2569,342,9/17/2024,0
2570,342,11/21/2023,0
2571,342,1/6/2024,0
2572,342,4/20/2024,0
2573,342,1/28/2023,0
2574,342,4/8/2024,0
2575,342,10/27/2024,0
2576,342,2/19/2023,0
2577,342,3/21/2023,93.95
2578,343,10/11/2024,0
2579,343,6/28/2024,0
2580,343,12/2/2024,0
2581,343,9/20/2024,0
2582,343,5/5/2025,0
2583,343,9/14/2024,0
2584,343,6/22/2024,0
2585,343,11/22/2024,0
2586,343,7/12/2024,388.96
2587,343,11/20/2024,0
2588,343,8/12/2024,0
2589,343,4/19/2025,0
2590,343,8/28/2024,0
2591,343,5/12/2025,0
2592,343,11/15/2024,0
2593,343,2/10/2025,0
2594,343,12/6/2024,0
2595,343,4/29/2024,0
2596,343,10/28/2024,0
2597,343,9/5/2024,0
2598,343,8/9/2025,0
2599,344,12/22/2024,0
2600,344,12/8/2023,0
2601,344,1/8/2025,0
2602,344,7/5/2025,0
2603,344,9/29/2024,0
2604,344,4/20/2025,0
2605,344,12/8/2023,0
2606,344,7/29/2025,0
2607,344,7/29/2025,0
2608,344,11/6/2024,0
2609,344,7/12/2025,0
2610,344,8/9/2025,156.16
2611,344,11/14/2024,401.1
2612,345,12/10/2023,275.55
2613,345,8/15/2024,242.59
2614,345,4/27/2025,131.6
2615,346,12/29/2021,0
2616,346,7/4/2022,0
2617,346,10/23/2021,0
2618,346,2/4/2023,227.82
2619,346,10/16/2022,0
2620,346,8/5/2022,360.67
2621,346,9/17/2022,445.07
2622,347,5/14/2025,0
2623,348,8/8/2025,0
2624,348,5/18/2024,0
2625,348,4/2/2024,0
2626,348,8/3/2025,0
2627,348,2/18/2025,0
2628,348,10/26/2024,0
2629,348,1/14/2025,0
2630,348,9/3/2025,0
2631,348,2/2/2024,0
2632,348,5/14/2024,0
2633,348,11/16/2024,0
2634,348,1/18/2025,0
2635,348,1/5/2024,0
2636,348,12/16/2024,0
2637,348,6/4/2024,0
2638,348,7/26/2025,0
2639,348,12/19/2023,0
2640,348,9/12/2024,0
2641,348,4/19/2024,0
2642,348,8/10/2024,0
2643,348,2/9/2024,0
2644,349,8/2/2023,0
2645,349,8/4/2022,0
2646,349,5/15/2022,0
2647,350,2/9/2024,0
2648,350,11/15/2024,0
2649,350,10/5/2023,127.55
2650,350,5/9/2025,0
2651,350,8/2/2023,403.25
2652,350,9/16/2024,0
2653,350,1/18/2024,347.4
2654,350,5/11/2025,117.11
2655,351,1/29/2022,0
2656,351,8/17/2021,0
2657,351,8/9/2021,0
2658,351,6/9/2022,0
2659,351,2/17/2023,0
2660,351,2/21/2022,0
2661,351,11/23/2021,0
2662,351,9/18/2022,0
2663,351,9/27/2021,0
2664,351,3/9/2023,0
2665,351,10/10/2021,0
2666,351,4/21/2022,0
2667,351,5/2/2023,0
2668,351,6/20/2023,325.7
2669,351,9/3/2021,0
2670,351,10/8/2021,0
2671,351,2/10/2023,0
2672,351,11/18/2022,0
2673,351,9/26/2021,0
2674,351,6/3/2022,0
2675,351,1/3/2022,0
2676,351,12/19/2021,0
2677,351,12/13/2022,0
2678,351,8/3/2022,0
2679,352,6/19/2022,295.97
2680,352,11/29/2023,0
2681,352,11/18/2023,0
2682,352,6/16/2023,0
2683,352,1/30/2023,126.91
2684,352,10/14/2023,0
2685,352,8/23/2023,0
2686,352,8/30/2023,0
2687,352,8/16/2023,0
2688,352,9/11/2023,0
2689,352,3/8/2023,0
2690,352,12/7/2022,0
2691,353,4/9/2022,0
2692,353,5/12/2022,0
2693,353,12/31/2023,0
2694,354,7/27/2023,0
2695,354,4/19/2022,383.14
2696,354,10/31/2022,0
2697,354,10/30/2022,0
2698,355,11/15/2022,0
2699,355,1/15/2024,0
2700,356,1/14/2022,0
2701,356,8/10/2023,0
2702,357,8/18/2022,0
2703,357,8/16/2022,0
2704,357,11/20/2021,0
2705,357,10/21/2021,0
2706,357,12/16/2022,0
2707,357,3/1/2021,0
2708,357,4/30/2021,0
2709,357,7/26/2022,0
2710,357,7/30/2021,0
2711,357,5/26/2022,0
2712,358,7/4/2023,0
2713,358,7/21/2023,0
2714,358,10/3/2023,0
2715,359,3/31/2023,0
2716,359,7/22/2023,0
2717,359,3/21/2023,0
2718,359,4/7/2024,0
2719,359,8/25/2024,0
2720,359,3/14/2024,0
2721,359,3/24/2023,0
2722,359,6/1/2024,0
2723,359,9/25/2023,0
2724,359,1/30/2024,0
2725,359,8/6/2024,0
2726,359,1/3/2025,0
2727,359,11/20/2023,0
2728,359,6/25/2024,0
2729,359,5/29/2023,0
2730,359,5/19/2023,0
2731,360,11/13/2024,0
2732,360,1/8/2024,0
2733,361,4/20/2023,0
2734,361,6/23/2022,0
2735,361,6/10/2023,0
2736,361,6/3/2022,0
2737,361,5/17/2023,0
2738,361,7/31/2022,178.2
2739,361,12/24/2023,0
2740,361,7/30/2023,0
2741,362,4/26/2024,0
2742,362,9/9/2024,0
2743,362,2/9/2023,0
2744,362,9/5/2024,0
2745,362,6/26/2023,0
2746,362,7/2/2024,0
2747,362,10/28/2023,0
2748,362,7/10/2023,0
2749,362,9/30/2023,0
2750,362,2/4/2024,0
2751,362,9/6/2023,0
2752,362,9/13/2024,0
2753,362,10/1/2024,0
2754,362,5/17/2024,0
2755,363,11/29/2024,0
2756,363,1/31/2025,0
2757,363,2/17/2024,0
2758,363,2/4/2025,0
2759,364,3/1/2023,0
2760,364,10/17/2022,0
2761,364,9/25/2022,0
2762,364,11/11/2023,240.38
2763,364,10/12/2022,0
2764,364,3/5/2024,0
2765,364,1/18/2023,0
2766,364,1/25/2024,0
2767,364,12/24/2022,0
2768,364,8/17/2023,0
2769,364,9/1/2022,0
2770,364,9/7/2022,0
2771,364,8/15/2023,0
2772,364,7/6/2023,0
2773,364,8/3/2022,0
2774,364,3/6/2023,0
2775,364,11/1/2023,0
2776,364,2/8/2024,0
2777,365,7/31/2024,0
2778,365,3/20/2025,0
2779,366,4/17/2024,0
2780,366,1/25/2024,0
2781,366,11/29/2024,0
2782,366,5/2/2023,0
2783,366,1/30/2024,0
2784,366,1/14/2024,0
2785,366,9/9/2023,0
2786,366,1/12/2024,0
2787,366,8/27/2023,0
2788,366,10/4/2023,0
2789,366,10/20/2024,0
2790,366,7/9/2023,0
2791,366,8/19/2024,0
2792,366,11/11/2024,0
2793,366,7/26/2023,0
2794,367,10/24/2023,0
2795,367,9/13/2023,0
2796,368,11/10/2022,0
2797,369,12/25/2023,0
2798,369,6/5/2023,0
2799,369,10/9/2022,0
2800,369,7/14/2023,0
2801,369,3/1/2023,60.39
2802,369,3/27/2023,0
2803,369,10/31/2022,0
2804,369,3/29/2023,0
2805,369,10/26/2023,0
2806,369,8/9/2023,0
2807,369,8/3/2022,0
2808,369,1/1/2023,0
2809,369,8/4/2023,0
2810,370,9/21/2024,299.72
2811,370,12/12/2023,0
2812,370,4/5/2024,0
2813,370,8/29/2023,0
2814,370,11/4/2023,0
2815,370,12/3/2023,354.03
2816,370,5/6/2025,0
2817,370,8/16/2023,0
2818,370,10/26/2023,0
2819,370,12/21/2023,0
2820,370,3/4/2024,0
2821,370,1/25/2024,0
2822,370,1/23/2025,293.41
2823,370,9/25/2023,0
2824,370,8/19/2023,0
2825,370,8/16/2023,0
2826,370,7/29/2024,0
2827,370,9/11/2024,0
2828,371,4/6/2022,0
2829,371,12/28/2021,0
2830,371,4/7/2022,0
2831,371,5/12/2022,0
2832,371,9/15/2021,0
2833,372,11/9/2023,0
2834,373,7/29/2023,0
2835,373,9/16/2024,0
2836,373,5/20/2023,0
2837,373,12/14/2022,0
2838,373,7/19/2024,0
2839,373,4/30/2023,0
2840,373,4/25/2024,0
2841,373,8/29/2024,77.89
2842,373,3/20/2023,0
2843,373,5/17/2023,0
2844,373,8/25/2023,0
2845,373,4/2/2023,0
2846,373,4/6/2023,0
2847,373,3/27/2023,0
2848,373,6/19/2024,0
2849,373,1/11/2023,0
2850,374,3/19/2023,0
2851,375,7/6/2024,0
2852,375,11/3/2023,0
2853,375,7/13/2024,0
2854,375,10/29/2024,305.7
2855,376,3/21/2024,0
2856,376,4/12/2023,0
2857,376,7/21/2024,0
2858,376,3/12/2023,0
2859,376,7/27/2024,0
2860,376,10/7/2023,0
2861,376,1/7/2023,0
2862,376,4/19/2024,265.87
2863,376,12/15/2023,0
2864,376,11/28/2023,0
2865,376,7/31/2024,0
2866,376,12/27/2022,0
2867,376,2/26/2024,0
2868,376,6/18/2024,0
2869,376,6/15/2024,0
2870,376,5/29/2023,0
2871,376,8/28/2023,0
2872,376,4/8/2024,0
2873,376,9/17/2023,0
2874,376,8/21/2023,0
2875,376,2/17/2023,0
2876,376,1/30/2023,0
2877,377,4/12/2025,0
2878,378,2/5/2023,0
2879,379,4/6/2023,0
2880,379,10/22/2023,107.26
2881,379,7/13/2022,0
2882,379,11/16/2023,0
2883,379,3/1/2022,0
2884,380,6/17/2021,0
2885,380,5/13/2021,188.57
2886,381,11/26/2023,0
2887,381,4/19/2023,0
2888,382,1/5/2024,0
2889,382,8/31/2024,0
2890,382,7/20/2023,0
2891,382,11/29/2023,0
2892,382,5/16/2024,0
2893,382,1/10/2024,0
2894,382,7/30/2023,0
2895,382,6/22/2024,211.6
2896,383,10/25/2021,0
2897,383,9/17/2021,0
2898,383,2/20/2021,0
2899,383,4/23/2022,0
2900,384,4/28/2023,0
2901,384,7/12/2024,0
2902,384,3/28/2024,0
2903,384,6/28/2023,0
2904,384,8/9/2024,0
2905,384,12/11/2023,0
2906,384,11/2/2024,0
2907,384,11/15/2024,0
2908,384,1/7/2023,0
2909,384,4/5/2024,0
2910,384,8/2/2024,0
2911,385,5/20/2023,0
2912,385,10/20/2024,0
2913,385,6/19/2024,0
2914,385,2/8/2024,468.96
2915,385,5/29/2024,418.47
2916,385,9/29/2023,0
2917,385,9/26/2024,0
2918,385,9/14/2024,0
2919,386,11/6/2021,0
2920,386,6/15/2021,0
2921,387,3/19/2023,0
2922,387,7/24/2024,266.79
2923,387,2/2/2024,80.87
2924,388,2/9/2024,0
2925,388,8/21/2023,0
2926,389,12/17/2024,0
2927,389,8/29/2023,371.97
2928,389,10/1/2023,295.33
2929,389,2/2/2024,0
2930,390,9/23/2024,0
2931,390,5/24/2025,0
2932,391,4/16/2023,0
2933,391,10/24/2023,0
2934,391,1/8/2023,0
2935,391,8/26/2022,0
2936,391,9/26/2022,0
2937,392,5/21/2022,0
2938,393,6/13/2023,162.79
2939,393,5/7/2024,0
2940,393,11/23/2022,0
2941,393,7/5/2024,0
2942,393,4/21/2024,0
2943,393,12/14/2023,0
2944,393,2/2/2023,0
2945,393,6/13/2023,0
2946,393,10/14/2023,0
2947,393,1/21/2024,0
2948,393,4/7/2024,0
2949,393,5/6/2023,0
2950,393,9/29/2022,0
2951,393,4/24/2024,0
2952,394,3/4/2025,0
2953,394,8/10/2024,0
2954,394,12/11/2023,0
2955,394,4/27/2023,0
2956,394,11/23/2024,0
2957,395,10/5/2023,0
2958,395,5/23/2023,0
2959,395,3/4/2023,0
2960,395,1/22/2023,0
2961,395,8/5/2022,0
2962,395,11/6/2022,0
2963,395,10/4/2022,0
2964,395,6/19/2022,0
2965,395,6/8/2022,0
2966,395,4/22/2022,0
2967,395,2/6/2023,0
2968,395,6/17/2023,0
2969,395,7/20/2022,0
2970,395,12/12/2023,0
2971,395,1/12/2024,0
2972,396,4/24/2024,0
2973,396,11/24/2023,0
2974,396,8/16/2023,0
2975,396,3/12/2023,0
2976,396,10/3/2024,0
2977,396,8/30/2024,0
2978,396,11/7/2024,0
2979,396,9/4/2024,0
2980,396,7/22/2023,0
2981,396,4/25/2024,0
2982,396,10/4/2023,0
2983,397,10/8/2024,133.51
2984,397,1/4/2024,0
2985,397,5/19/2024,0
2986,397,12/24/2024,127.14
2987,397,2/28/2025,0
2988,397,3/9/2024,0
2989,397,11/11/2023,0
2990,397,1/1/2024,0
2991,397,8/21/2025,0
2992,397,5/8/2025,0
2993,397,1/9/2025,0
2994,397,12/27/2024,0
2995,397,6/13/2024,0
2996,398,2/10/2023,0
2997,398,10/23/2023,0
2998,398,6/19/2023,463.48
2999,398,10/7/2024,0
3000,399,7/29/2023,0
3001,399,4/17/2023,0
3002,399,9/14/2023,121.37
3003,399,9/20/2023,0
3004,399,8/25/2023,0
3005,399,6/7/2024,0
3006,400,4/12/2023,0
3007,400,12/10/2022,450.64
3008,400,12/22/2022,0
3009,401,8/12/2024,0
3010,401,1/17/2024,55.79
3011,401,7/1/2024,91.44
3012,402,3/7/2023,361.36
3013,402,12/31/2021,0
3014,402,2/16/2023,475.32
3015,402,1/23/2022,0
3016,402,5/16/2022,0
3017,403,5/17/2024,0
3018,403,1/3/2024,204.12
3019,403,1/25/2023,0
3020,403,7/15/2024,0
3021,403,5/15/2023,0
3022,403,4/21/2024,0
3023,403,6/2/2024,0
3024,403,7/4/2023,0
3025,403,1/11/2024,0
3026,403,3/6/2023,0
3027,403,9/30/2024,0
3028,403,8/4/2024,0
3029,403,12/22/2023,0
3030,403,5/22/2023,0
3031,403,9/22/2023,0
3032,403,8/28/2023,0
3033,404,10/1/2023,0
3034,404,12/22/2024,0
3035,404,11/28/2024,0
3036,405,1/27/2024,0
3037,405,12/1/2024,268.22
3038,405,5/26/2025,0
3039,405,11/29/2023,0
3040,406,7/8/2022,318.63
3041,406,3/5/2022,0
3042,406,10/26/2021,0
3043,406,8/13/2022,0
3044,406,11/15/2021,0
3045,406,5/29/2022,0
3046,406,7/18/2021,0
3047,406,9/13/2021,0
3048,406,8/20/2021,0
3049,406,5/3/2022,0
3050,407,6/5/2024,0
3051,407,2/13/2023,0
3052,407,3/14/2024,0
3053,407,2/19/2024,0
3054,407,6/21/2023,0
3055,407,8/25/2023,0
3056,407,4/27/2023,0
3057,408,7/22/2021,218.08
3058,408,8/9/2022,0
3059,408,7/26/2021,0
3060,408,1/18/2022,0
3061,409,2/25/2022,320.21
3062,410,6/7/2023,0
3063,410,9/23/2022,0
3064,410,2/13/2023,0
3065,410,9/12/2022,138.19
3066,410,2/18/2023,0
3067,410,4/5/2022,0
3068,410,1/16/2022,0
3069,410,2/7/2023,0
3070,410,5/1/2023,0
3071,410,3/1/2022,0
3072,410,4/1/2022,0
3073,410,3/17/2022,0
3074,410,10/8/2022,0
3075,411,7/22/2023,120.08
3076,411,10/10/2023,0
3077,411,8/6/2024,141.48
3078,411,9/18/2023,0
3079,411,9/5/2023,0
3080,411,1/7/2025,0
3081,411,11/15/2024,0
3082,412,7/30/2023,233.39
3083,412,8/8/2024,326.9
3084,413,9/14/2021,0
3085,413,10/12/2022,0
3086,413,10/30/2021,0
3087,413,9/19/2022,0
3088,413,4/3/2021,0
3089,413,11/24/2021,0
3090,413,3/19/2022,0
3091,413,8/6/2022,0
3092,413,8/21/2022,0
3093,413,2/6/2022,0
3094,413,8/13/2022,0
3095,413,6/13/2022,0
3096,413,4/15/2021,0
3097,413,4/25/2021,0
3098,413,10/21/2021,0
3099,413,11/27/2022,0
3100,413,1/30/2022,0
3101,413,3/19/2021,497.3
3102,413,3/17/2022,0
3103,413,8/12/2022,0
3104,413,5/5/2021,0
3105,413,7/2/2021,0
3106,413,6/11/2022,0
3107,414,8/9/2023,0
3108,414,3/30/2024,0
3109,414,2/16/2023,0
3110,414,8/8/2023,0
3111,414,6/30/2023,0
3112,414,5/28/2023,0
3113,414,2/29/2024,0
3114,414,4/6/2024,0
3115,414,7/21/2023,0
3116,414,10/2/2022,0
3117,414,7/2/2024,0
3118,414,5/21/2023,0
3119,414,2/2/2024,0
3120,414,11/6/2022,0
3121,414,11/25/2022,0
3122,414,3/5/2023,0
3123,415,4/22/2024,0
3124,415,3/31/2024,0
3125,415,2/26/2023,0
3126,415,4/20/2024,0
3127,415,1/29/2024,0
3128,415,7/10/2024,0
3129,415,10/1/2024,0
3130,415,3/22/2024,0
3131,415,3/14/2024,0
3132,415,3/12/2024,0
3133,415,7/20/2023,0
3134,415,6/28/2023,0
3135,415,9/13/2024,0
3136,415,10/25/2024,0
3137,415,8/4/2023,0
3138,415,3/27/2024,0
3139,415,8/27/2023,0
3140,415,2/16/2023,0
3141,416,7/8/2022,0
3142,416,3/27/2023,0
3143,416,5/12/2023,0
3144,416,9/25/2023,0
3145,416,4/17/2022,0
3146,416,7/5/2023,0
3147,416,10/19/2023,0
3148,416,7/16/2023,0
3149,416,2/27/2023,0
3150,416,11/15/2023,0
3151,416,6/27/2023,0
3152,416,7/23/2023,0
3153,416,7/31/2023,0
3154,416,2/7/2022,0
3155,416,6/18/2022,170.77
3156,416,1/16/2023,367.66
3157,417,10/5/2024,0
3158,417,4/3/2024,0
3159,418,2/20/2024,0
3160,418,12/21/2023,0
3161,418,1/14/2024,0
3162,418,9/2/2024,0
3163,418,8/23/2025,0
3164,418,9/3/2025,0
3165,418,9/30/2024,0
3166,418,2/25/2024,0
3167,418,1/22/2024,0
3168,418,10/9/2024,0
3169,418,7/20/2024,0
3170,418,7/25/2024,437.75
3171,418,9/30/2024,0
3172,418,9/30/2025,0
3173,418,5/3/2025,0
3174,419,10/21/2021,345.26
3175,419,4/7/2023,0
3176,420,12/8/2023,0
3177,420,9/21/2022,0
3178,420,5/26/2023,429.53
3179,420,2/14/2023,0
3180,420,2/16/2023,0
3181,420,1/26/2023,0
3182,420,3/12/2023,0
3183,420,12/28/2023,0
3184,420,8/21/2022,0
3185,420,10/2/2022,0
3186,420,4/22/2023,0
3187,420,7/23/2022,0
3188,420,7/5/2022,0
3189,420,11/16/2022,0
3190,420,7/24/2022,0
3191,420,7/11/2022,0
3192,420,6/23/2022,0
3193,420,11/2/2023,0
3194,421,7/21/2023,0
3195,421,10/9/2022,0
3196,421,1/20/2024,96.55
3197,421,12/5/2022,0
3198,421,9/20/2023,0
3199,421,9/26/2023,0
3200,421,8/14/2022,0
3201,421,7/31/2023,0
3202,421,6/25/2023,0
3203,421,11/2/2022,0
3204,421,5/23/2023,0
3205,421,8/1/2023,0
3206,421,11/4/2023,446.13
3207,421,2/17/2023,0
3208,421,10/26/2023,0
3209,421,8/12/2022,0
3210,421,2/10/2024,0
3211,421,5/17/2022,0
3212,421,9/11/2022,0
3213,421,1/28/2024,0
3214,421,10/2/2023,196.59
3215,421,3/5/2023,0
3216,422,8/19/2021,0
3217,422,12/8/2021,0
3218,423,11/19/2022,0
3219,424,3/11/2023,463.83
3220,425,4/2/2023,0
3221,425,1/11/2023,0
3222,425,5/27/2024,0
3223,425,11/13/2024,0
3224,425,6/30/2023,0
3225,425,12/29/2023,0
3226,425,9/8/2024,0
3227,425,6/21/2024,0
3228,425,3/3/2023,0
3229,425,8/2/2023,0
3230,425,12/2/2023,0
3231,425,5/27/2024,0
3232,425,7/3/2024,0
3233,425,8/25/2023,0
3234,425,6/19/2023,0
3235,425,4/4/2023,0
3236,425,4/18/2023,0
3237,425,3/1/2023,0
3238,425,3/20/2024,0
3239,425,4/11/2024,0
3240,426,8/1/2024,0
3241,426,9/26/2023,0
3242,426,9/17/2023,0
3243,426,9/3/2024,0
3244,426,3/3/2023,0
3245,426,3/13/2023,0
3246,426,10/16/2024,0
3247,426,8/25/2023,0
3248,426,7/19/2024,0
3249,426,9/29/2023,0
3250,426,8/27/2024,0
3251,426,6/7/2023,0
3252,427,8/22/2023,75.63
3253,427,12/4/2023,0
3254,427,6/20/2023,0
3255,428,8/23/2022,0
3256,428,2/5/2023,0
3257,428,7/10/2022,0
3258,428,6/27/2022,0
3259,428,8/18/2021,0
3260,428,12/11/2021,0
3261,428,10/1/2021,0
3262,428,6/17/2022,0
3263,428,2/15/2023,0
3264,429,11/19/2023,71.84
3265,429,11/25/2024,0
3266,429,6/23/2024,0
3267,429,6/26/2023,60.06
3268,429,1/22/2024,227.45
3269,429,9/27/2024,78.22
3270,430,7/6/2025,0
3271,431,8/2/2022,0
3272,431,5/28/2023,0
3273,431,7/24/2022,0
3274,431,9/8/2022,281.74
3275,432,2/28/2025,0
3276,432,1/15/2024,0
3277,432,4/14/2024,0
3278,432,5/17/2025,0
3279,432,11/28/2023,0
3280,432,2/6/2025,0
3281,432,2/6/2024,0
3282,432,10/14/2024,0
3283,432,9/3/2025,0
3284,432,2/11/2025,0
3285,432,2/12/2024,0
3286,432,1/8/2025,0
3287,432,11/3/2024,0
3288,432,4/8/2024,323.96
3289,432,12/5/2024,0
3290,432,3/24/2025,0
3291,432,8/18/2025,0
3292,432,4/11/2025,0
3293,432,5/7/2025,0
3294,432,4/1/2024,0
3295,432,2/21/2025,0
3296,432,7/28/2024,0
3297,432,2/13/2025,0
3298,432,7/14/2025,0
3299,432,1/11/2025,0
3300,433,4/11/2025,0
3301,433,3/10/2025,0
3302,433,10/7/2024,0
3303,433,1/4/2025,0
3304,433,2/24/2024,0
3305,433,7/4/2025,0
3306,433,12/19/2024,0
3307,433,11/26/2023,0
3308,433,8/18/2024,0
3309,433,7/19/2024,0
3310,433,6/17/2024,0
3311,433,9/29/2023,0
3312,433,5/2/2024,0
3313,433,12/26/2024,0
3314,433,8/7/2023,0
3315,433,10/27/2024,0
3316,433,10/4/2024,0
3317,433,10/24/2024,0
3318,434,7/19/2023,0
3319,434,1/7/2024,0
3320,434,3/17/2024,156.67
3321,434,2/29/2024,0
3322,434,12/16/2024,0
3323,434,9/9/2024,0
3324,434,11/7/2024,0
3325,434,11/30/2023,0
3326,434,12/29/2024,0
3327,434,4/28/2025,0
3328,434,4/11/2025,0
3329,434,1/8/2025,0
3330,434,12/26/2023,0
3331,434,2/9/2024,0
3332,434,12/27/2024,0
3333,434,7/7/2024,0
3334,434,11/10/2023,0
3335,434,3/2/2024,0
3336,434,1/25/2025,0
3337,435,4/29/2024,0
3338,435,1/25/2024,0
3339,435,6/3/2023,180.22
3340,436,1/3/2024,0
3341,436,2/13/2024,0
3342,436,5/5/2025,0
3343,436,5/18/2025,296.88
3344,436,9/1/2024,103.66
3345,436,7/11/2024,0
3346,436,5/23/2024,244.62
3347,436,12/18/2024,0
3348,437,11/2/2021,0
3349,437,12/7/2022,0
3350,437,8/29/2021,447.03
3351,437,11/13/2022,0
3352,437,10/3/2022,0
3353,437,2/22/2023,0
3354,437,7/22/2021,395.38
3355,437,7/4/2022,0
3356,437,12/29/2022,265.7
3357,437,11/14/2021,0
3358,437,2/15/2022,0
3359,438,12/30/2024,0
3360,438,8/22/2024,0
3361,439,6/20/2025,0
3362,439,6/30/2024,387.81
3363,439,7/9/2024,0
3364,439,11/12/2023,0
3365,439,5/25/2025,0
3366,439,3/12/2025,0
3367,439,3/7/2024,67.06
3368,439,2/12/2025,0
3369,439,8/19/2024,0
3370,439,11/29/2024,0
3371,440,7/16/2022,0
3372,440,11/2/2023,98.15
3373,440,4/24/2023,0
3374,440,1/8/2023,0
3375,441,10/7/2022,0
3376,441,2/6/2023,0
3377,441,2/21/2023,397.15
3378,441,9/7/2023,453.97
3379,441,10/20/2022,0
3380,441,2/4/2023,0
3381,441,2/23/2023,0
3382,442,2/22/2023,332.5
3383,442,4/2/2024,0
3384,442,12/4/2023,0
3385,442,10/13/2024,200.5
3386,442,10/30/2024,445.63
3387,443,2/24/2022,0
3388,443,12/24/2021,0
3389,444,3/18/2024,0
3390,445,1/27/2024,0
3391,445,6/18/2023,0
3392,446,4/30/2023,0
3393,446,9/11/2022,0
3394,446,5/6/2023,0
3395,446,9/15/2023,0
3396,446,11/10/2022,0
3397,446,12/25/2023,323.73
3398,446,5/24/2024,0
3399,446,3/13/2023,0
3400,446,10/4/2022,0
3401,446,4/8/2023,440.6
3402,447,1/16/2025,0
3403,447,3/1/2024,0
3404,448,2/13/2025,0
3405,448,3/27/2024,0
3406,448,7/7/2024,0
3407,448,11/23/2024,0
3408,449,12/7/2023,0
3409,449,12/12/2022,0
3410,449,8/2/2022,0
3411,449,6/22/2023,0
3412,449,10/14/2023,0
3413,450,3/31/2025,175.41
3414,450,1/4/2024,0
3415,450,10/25/2024,0
3416,450,10/13/2023,0
3417,450,4/14/2024,0
3418,450,3/8/2024,0
3419,450,12/19/2024,0
3420,450,10/22/2024,0
3421,450,10/2/2024,0
3422,451,7/29/2021,0
3423,451,5/25/2022,488.23
3424,452,1/18/2024,71.32
3425,452,4/11/2024,0
3426,452,12/8/2023,0
3427,452,10/5/2023,0
3428,452,7/15/2024,0
3429,452,6/29/2024,0
3430,452,5/12/2024,0
3431,452,9/8/2024,0
3432,452,10/26/2024,0
3433,452,6/3/2025,0
3434,452,4/29/2024,0
3435,452,3/10/2024,0
3436,452,1/30/2025,0
3437,452,11/15/2023,0
3438,452,5/19/2025,0
3439,452,5/10/2025,0
3440,452,3/26/2025,0
3441,452,4/2/2025,0
3442,453,8/17/2024,0
3443,453,12/23/2024,0
3444,453,11/14/2023,0
3445,453,9/17/2024,0
3446,453,10/3/2024,0
3447,453,4/25/2023,0
3448,453,7/18/2024,0
3449,453,10/15/2023,0
3450,453,11/23/2023,0
3451,454,10/7/2023,0
3452,454,7/3/2024,0
3453,454,4/5/2024,236.16
3454,454,4/23/2024,179.49
3455,454,11/9/2023,0
3456,454,4/15/2024,0
3457,454,3/18/2023,197.1
3458,455,8/31/2022,0
3459,455,5/21/2022,216.92
3460,455,1/4/2022,0
3461,455,9/12/2021,0
3462,455,2/14/2021,0
3463,455,5/27/2022,0
3464,455,11/13/2021,0
3465,455,4/28/2022,0
3466,455,7/14/2021,0
3467,455,8/22/2021,0
3468,456,11/3/2022,0
3469,456,4/26/2023,0
3470,456,4/5/2022,0
3471,456,1/19/2023,0
3472,456,2/11/2022,0
3473,456,7/13/2022,0
3474,456,12/26/2022,0
3475,457,5/7/2023,0
3476,457,5/30/2023,0
3477,457,12/15/2022,0
3478,457,3/11/2024,0
3479,457,1/25/2024,0
3480,457,11/15/2023,0
3481,457,10/27/2022,0
3482,457,10/15/2023,0
3483,457,3/2/2024,0
3484,457,3/4/2023,0
3485,457,11/8/2022,0
3486,457,7/5/2023,0
3487,458,6/2/2022,0
3488,458,6/28/2023,0
3489,458,6/23/2023,0
3490,459,4/3/2023,0
3491,459,10/5/2022,334.02
3492,460,9/4/2024,0
3493,461,2/8/2024,0
3494,461,9/15/2023,0
3495,461,6/30/2022,0
3496,462,12/3/2023,0
3497,463,10/29/2022,0
3498,463,2/1/2023,0
3499,463,5/15/2023,255.78
3500,463,2/28/2022,0
3501,463,1/10/2023,0
3502,463,11/24/2022,0
3503,463,11/9/2022,0
3504,464,5/3/2021,0
3505,464,7/14/2021,0
3506,465,2/20/2023,0
3507,465,12/24/2023,0
3508,465,8/7/2023,0
3509,465,1/8/2024,0
3510,465,8/11/2023,0
3511,465,4/6/2023,0
3512,465,4/4/2024,0
3513,465,10/1/2023,0
3514,465,7/19/2024,0
3515,465,8/3/2023,0
3516,465,11/29/2023,438.43
3517,465,3/14/2023,166.77
3518,465,11/13/2024,0
3519,465,3/1/2024,0
3520,465,7/11/2023,0
3521,465,12/10/2023,0
3522,465,12/31/2023,0
3523,465,1/13/2024,0
3524,465,1/16/2023,0
3525,465,8/6/2023,0
3526,465,2/22/2024,0
3527,465,2/29/2024,0
3528,465,12/4/2023,0
3529,465,10/8/2024,0
3530,465,12/21/2023,0
3531,466,6/21/2022,0
3532,466,11/21/2022,0
3533,466,1/8/2023,0
3534,467,12/7/2022,300.51
3535,467,11/26/2022,450.89
3536,468,5/29/2024,0
3537,468,2/12/2024,0
3538,468,11/9/2023,0
3539,468,3/24/2023,0
3540,468,12/1/2022,0
3541,469,6/30/2024,0
3542,469,6/28/2023,0
3543,470,11/16/2025,0
3544,470,5/10/2024,0
3545,470,3/20/2024,293.98
3546,470,1/16/2024,0
3547,470,1/17/2024,0
3548,470,5/4/2024,121.34
3549,470,8/8/2024,0
3550,470,10/5/2024,0
3551,470,6/18/2025,0
3552,470,10/31/2024,0
3553,470,3/27/2025,0
3554,470,8/14/2024,0
3555,470,2/13/2024,0
3556,471,3/13/2024,0
3557,471,1/22/2023,0
3558,471,1/3/2023,0
3559,471,2/13/2024,0
3560,471,6/3/2023,0
3561,471,4/22/2023,0
3562,472,9/7/2022,0
3563,472,9/9/2023,0
3564,472,5/7/2023,0
3565,472,10/23/2023,109.9
3566,472,1/27/2024,0
3567,472,12/25/2023,0
3568,472,9/10/2022,0
3569,472,1/20/2024,0
3570,472,10/2/2023,0
3571,472,4/5/2022,0
3572,472,5/22/2022,0
3573,473,11/28/2024,0
3574,474,8/21/2023,0
3575,474,12/21/2024,0
3576,474,12/19/2024,0
3577,474,12/25/2023,0
3578,474,2/15/2024,0
3579,474,7/2/2024,0
3580,474,3/17/2024,0
3581,474,6/6/2024,0
3582,474,1/20/2024,0
3583,474,2/27/2025,0
3584,474,7/1/2023,0
3585,474,2/1/2025,0
3586,474,3/9/2025,0
3587,474,8/23/2023,0
3588,474,8/5/2023,0
3589,474,2/28/2024,0
3590,474,4/12/2024,0
3591,474,12/19/2024,0
3592,474,3/10/2024,0
3593,474,10/6/2024,0
3594,474,10/7/2023,0
3595,474,6/15/2023,0
3596,474,1/11/2025,0
3597,474,3/12/2025,0
3598,474,11/4/2023,0
3599,475,1/20/2024,0
3600,476,2/26/2022,0
3601,476,7/29/2023,0
3602,477,3/15/2023,0
3603,478,11/13/2022,321.22
3604,478,1/1/2022,0
3605,478,10/30/2022,0
3606,478,7/14/2021,0
3607,478,2/3/2022,0
3608,478,12/27/2022,475.41
3609,478,2/5/2022,0
3610,478,7/12/2021,0
3611,479,10/17/2022,373.77
3612,479,8/31/2023,0
3613,480,12/12/2023,469.46
3614,480,9/5/2023,0
3615,480,11/10/2024,0
3616,480,3/1/2025,0
3617,481,5/6/2024,0
3618,481,2/17/2024,0
3619,481,8/2/2023,0
3620,481,9/1/2023,202.44
3621,481,5/9/2025,156.16
3622,482,3/25/2024,196.09
3623,482,6/2/2025,373.68
3624,482,10/22/2024,0
3625,482,5/25/2025,0
3626,482,8/9/2023,0
3627,482,3/12/2025,0
3628,482,1/31/2024,0
3629,482,3/30/2025,0
3630,482,4/17/2025,0
3631,482,5/30/2024,0
3632,482,7/28/2024,0
3633,482,3/9/2024,0
3634,482,8/4/2024,0
3635,482,2/11/2024,0
3636,482,10/27/2024,0
3637,482,11/4/2023,0
3638,482,11/3/2024,0
3639,483,3/25/2023,0
3640,483,11/26/2022,0
3641,484,10/7/2022,194.16
3642,484,6/18/2021,0
3643,484,8/25/2022,0
3644,484,11/7/2022,0
3645,484,6/14/2021,0
3646,484,6/29/2022,0
3647,484,3/4/2022,0
3648,484,8/13/2021,0
3649,484,12/24/2021,0
3650,484,4/10/2022,0
3651,484,6/8/2021,0
3652,485,9/14/2024,0
3653,485,11/20/2023,0
3654,485,2/18/2023,0
3655,485,12/12/2022,0
3656,485,1/5/2023,477.79
3657,485,12/31/2023,0
3658,485,2/24/2023,492.28
3659,486,5/23/2024,0
3660,486,2/21/2023,0
3661,486,9/7/2024,301.1
3662,486,3/1/2024,0
3663,486,1/2/2024,0
3664,487,8/27/2021,0
3665,487,1/8/2023,0
3666,487,11/8/2022,379.3
3667,487,1/23/2023,0
3668,488,3/30/2024,0
3669,488,12/13/2024,0
3670,488,10/23/2024,389.97
3671,488,9/5/2023,0
3672,488,1/18/2025,0
3673,488,1/24/2025,312.59
3674,488,12/6/2023,0
3675,488,6/12/2024,0
3676,488,8/31/2024,0
3677,488,5/11/2023,0
3678,488,3/13/2024,0
3679,488,6/14/2023,0
3680,488,10/10/2024,198.58
3681,488,6/3/2024,0
3682,488,6/14/2024,0
3683,488,5/13/2024,393.59
3684,488,9/29/2024,0
3685,488,4/26/2024,0
3686,489,10/13/2022,0
3687,489,9/17/2021,0
3688,489,8/27/2022,0
3689,489,2/13/2022,0
3690,489,8/21/2022,0
3691,489,9/15/2022,0
3692,489,1/4/2022,0
3693,489,2/13/2023,0
3694,489,1/11/2023,0
3695,489,10/9/2022,0
3696,489,11/9/2022,0
3697,489,9/6/2022,0
3698,490,4/3/2024,0
3699,490,8/21/2023,273.31
3700,490,12/6/2024,160.79
3701,491,4/15/2022,0
3702,491,7/14/2022,0
3703,491,8/18/2021,0
3704,491,12/29/2021,0
3705,491,1/16/2023,0
3706,491,2/17/2022,451.57
3707,491,5/20/2022,0
3708,491,6/5/2023,0
3709,491,9/17/2021,0
3710,491,11/13/2021,0
3711,491,2/12/2022,0
3712,491,6/4/2023,0
3713,491,9/20/2021,0
3714,491,5/30/2023,0
3715,491,3/10/2023,0
3716,491,3/16/2023,0
3717,491,11/19/2021,0
3718,491,8/25/2022,0
3719,492,3/27/2023,0
3720,492,5/28/2024,0
3721,493,6/26/2021,0
3722,494,1/26/2023,0
3723,494,8/13/2023,0
3724,494,10/7/2023,0
3725,494,9/13/2023,353.24
3726,494,5/12/2024,0
3727,494,10/13/2023,363.81
3728,494,1/23/2024,0
3729,494,7/16/2023,0
3730,495,10/26/2023,0
3731,495,11/1/2022,0
3732,495,7/13/2022,57.37
3733,496,11/22/2024,0
3734,496,11/6/2024,0
3735,496,9/22/2024,0
3736,496,3/1/2025,244.3
3737,496,2/1/2025,0
3738,496,9/2/2024,0
3739,496,3/3/2024,0
3740,496,6/3/2024,124.55
3741,496,4/27/2025,0
3742,496,10/28/2024,0
3743,496,7/17/2024,0
3744,496,4/4/2025,0
3745,496,6/19/2024,0
3746,496,4/8/2024,0
3747,496,2/11/2025,0
3748,496,2/18/2024,0
3749,496,12/20/2024,0
3750,496,5/16/2025,0
3751,496,2/12/2024,0
3752,496,12/25/2023,0
3753,496,2/20/2024,0
3754,496,4/12/2024,0
3755,496,12/4/2024,0
3756,497,5/13/2024,129.97
3757,497,6/21/2025,0
3758,498,3/18/2023,0
3759,498,7/30/2024,0
3760,498,2/19/2023,0
3761,498,1/20/2023,482.58
3762,499,6/22/2024,0
3763,499,10/27/2023,0
3764,499,10/24/2023,0
3765,500,7/18/2024,0
3766,500,8/2/2024,0
3767,500,3/2/2025,0
3768,501,1/8/2023,0
3769,501,1/9/2023,0
3770,502,5/17/2024,0
3771,502,4/26/2024,108.5
3772,502,1/10/2024,0
3773,503,11/26/2023,0
3774,503,4/5/2024,0
3775,504,12/28/2022,393.43
3776,504,4/14/2022,253.02
3777,504,6/5/2023,0
3778,504,5/11/2023,228.01
3779,504,3/10/2022,0
3780,504,10/29/2022,0
3781,504,6/27/2022,0
3782,504,8/27/2022,0
3783,504,10/21/2023,0
3784,504,11/1/2022,0
3785,504,10/5/2023,0
3786,504,7/3/2022,0
3787,504,5/26/2022,0
3788,504,4/2/2023,0
3789,504,8/2/2022,0
3790,504,4/10/2023,0
3791,504,4/25/2022,0
3792,504,2/13/2022,0
3793,504,6/26/2022,0
3794,504,7/9/2023,0
3795,504,9/11/2023,0
3796,504,6/1/2023,0
3797,505,4/16/2025,142.21
3798,506,6/21/2024,0
3799,506,4/9/2023,0
3800,506,10/21/2023,0
3801,506,1/4/2024,0
3802,506,6/29/2024,0
3803,506,10/28/2023,0
3804,506,3/11/2023,0
3805,506,6/28/2023,0
3806,506,9/29/2024,0
3807,506,6/26/2024,0
3808,506,11/13/2023,0
3809,506,7/8/2023,0
3810,506,5/8/2023,0
3811,506,11/18/2023,0
3812,506,1/1/2024,0
3813,506,1/3/2023,0
3814,506,5/2/2024,0
3815,506,6/22/2023,0
3816,506,12/31/2022,0
3817,506,11/11/2022,0
3818,506,7/2/2024,0
3819,506,11/17/2023,0
3820,507,3/3/2022,0
3821,507,6/12/2022,0
3822,507,6/15/2021,0
3823,507,12/28/2021,0
3824,507,6/16/2021,0
3825,507,1/2/2022,0
3826,507,12/22/2021,0
3827,507,5/13/2021,0
3828,507,11/13/2021,394.05
3829,507,2/1/2022,0
3830,508,1/2/2023,0
3831,508,4/8/2023,0
3832,508,9/14/2024,0
3833,509,7/11/2022,0
3834,509,9/13/2022,0
3835,509,7/8/2023,0
3836,510,6/13/2023,0
3837,510,4/16/2023,0
3838,510,2/23/2024,0
3839,510,7/31/2024,448.25
3840,510,5/7/2023,0
3841,510,4/19/2023,0
3842,511,7/22/2024,0
3843,511,9/26/2024,155.69
3844,511,3/24/2025,0
3845,512,2/22/2022,0
3846,512,10/10/2022,0
3847,512,4/16/2021,0
3848,512,8/1/2022,0
3849,512,5/26/2021,0
3850,512,12/28/2021,0
3851,512,9/23/2021,0
3852,512,5/16/2022,0
3853,512,2/5/2022,0
3854,512,2/25/2021,0
3855,512,8/10/2022,0
3856,512,1/31/2022,0
3857,512,7/26/2022,0
3858,512,6/5/2021,0
3859,512,4/26/2021,0
3860,512,10/10/2021,0
3861,512,12/8/2022,0
3862,512,5/14/2021,0
3863,512,7/26/2021,0
3864,512,7/3/2022,0
3865,512,12/4/2022,0
3866,512,9/29/2022,0
3867,513,4/29/2023,0
3868,514,9/27/2022,400.05
3869,514,3/11/2023,0
3870,514,6/4/2022,0
3871,515,2/26/2025,425.94
3872,515,4/13/2024,443.65
3873,515,6/27/2024,0
3874,515,3/2/2024,0
3875,515,1/5/2025,0
3876,515,3/30/2025,0
3877,515,4/21/2025,0
3878,515,4/29/2025,0
3879,515,12/6/2023,464.95
3880,515,5/16/2024,0
3881,515,9/27/2023,0
3882,516,6/7/2025,0
3883,516,11/12/2023,0
3884,516,2/8/2025,0
3885,516,10/11/2024,486.74
3886,516,5/8/2024,0
3887,516,4/16/2025,0
3888,516,9/30/2024,0
3889,516,3/2/2024,0
3890,516,4/21/2025,0
3891,516,6/9/2024,0
3892,516,12/11/2023,0
3893,516,5/15/2024,0
3894,516,10/19/2023,0
3895,517,6/26/2022,0
3896,517,6/8/2022,0
3897,517,5/24/2022,0
3898,518,6/27/2024,0
3899,518,9/25/2023,0
3900,518,2/26/2023,455.97
3901,518,1/7/2024,0
3902,518,8/1/2024,0
3903,518,9/5/2024,0
3904,518,1/30/2024,0
3905,518,10/31/2024,0
3906,518,9/18/2023,0
3907,518,7/19/2023,0
3908,519,9/18/2024,0
3909,519,11/1/2024,0
3910,519,12/27/2023,0
3911,519,5/14/2023,0
3912,519,3/16/2024,0
3913,519,4/4/2024,404.92
3914,520,11/17/2023,0
3915,520,8/22/2024,104.73
3916,520,4/5/2024,297.5
3917,520,12/6/2024,454.5
3918,520,12/6/2024,0
3919,520,1/17/2025,316.61
3920,520,7/5/2024,189.46
3921,520,1/25/2024,0
3922,521,9/2/2024,0
3923,521,12/19/2024,0
3924,521,1/6/2025,0
3925,521,7/14/2023,0
3926,521,9/26/2024,0
3927,521,12/3/2023,0
3928,521,2/24/2024,0
3929,521,4/28/2024,0
3930,521,7/12/2023,0
3931,521,2/26/2024,422.15
3932,521,7/26/2024,0
3933,521,6/20/2024,0
3934,522,11/30/2023,0
3935,522,8/9/2023,0
3936,522,3/24/2022,146.17
3937,522,7/10/2023,170.88
3938,522,10/7/2023,433.87
3939,522,5/23/2023,0
3940,523,12/23/2024,0
3941,523,9/7/2023,0
3942,523,10/20/2023,0
3943,523,5/7/2024,0
3944,523,7/21/2023,0
3945,523,8/28/2024,0
3946,523,8/28/2023,0
3947,523,3/10/2024,0
3948,523,8/15/2023,0
3949,523,1/10/2025,0
3950,523,7/3/2023,0
3951,523,12/31/2023,0
3952,523,6/28/2024,0
3953,523,4/2/2024,0
3954,523,12/18/2024,0
3955,523,10/23/2024,0
3956,523,8/6/2024,0
3957,523,12/15/2024,0
3958,523,7/12/2024,0
3959,523,10/7/2023,0
3960,523,7/26/2024,0
3961,523,9/24/2024,0
3962,523,5/19/2024,82.04
3963,523,3/3/2025,0
3964,523,7/6/2024,0
3965,524,1/3/2022,0
3966,524,5/5/2023,0
3967,524,5/11/2022,0
3968,525,8/3/2023,0
3969,525,12/13/2022,0
3970,525,3/26/2024,0
3971,525,4/6/2024,0
3972,525,9/28/2023,0
3973,525,8/11/2024,0
3974,525,7/17/2024,0
3975,525,9/12/2024,0
3976,525,1/6/2023,0
3977,525,7/12/2024,0
3978,525,9/15/2023,0
3979,525,8/25/2024,0
3980,525,7/31/2023,0
3981,525,11/4/2024,0
3982,525,7/15/2024,0
3983,525,10/12/2023,0
3984,525,3/17/2024,0
3985,525,8/3/2023,0
3986,526,9/25/2022,0
3987,526,4/25/2022,0
3988,527,9/17/2022,0
3989,527,3/25/2021,0
3990,527,8/5/2022,0
3991,527,2/1/2021,0
3992,527,12/15/2021,0
3993,527,6/9/2022,0
3994,527,11/13/2022,0
3995,527,8/4/2022,421.63
3996,527,10/7/2021,345.27
3997,527,1/20/2021,0
3998,527,10/8/2022,0
3999,527,5/11/2021,0
4000,527,7/29/2022,183.5
4001,527,10/19/2022,0
4002,527,9/8/2021,0
4003,528,7/27/2023,89.77
4004,529,10/21/2024,0
4005,529,12/31/2024,0
4006,529,7/30/2023,0
4007,529,1/2/2024,0
4008,529,8/2/2024,0
4009,529,9/26/2024,0
4010,529,4/9/2023,0
4011,529,8/25/2023,0
4012,529,6/10/2024,0
4013,529,8/5/2024,490.06
4014,529,9/19/2024,0
4015,529,2/7/2024,0
4016,530,5/31/2023,0
4017,530,9/8/2024,0
4018,530,10/1/2024,0
4019,530,10/8/2024,0
4020,531,10/30/2024,0
4021,532,10/18/2023,0
4022,532,4/17/2025,0
4023,532,3/1/2024,0
4024,532,4/5/2025,0
4025,533,7/24/2023,0
4026,533,10/10/2022,0
4027,533,2/3/2023,0
4028,533,10/5/2023,0
4029,533,3/19/2022,0
4030,533,12/9/2023,0
4031,533,2/10/2022,0
4032,533,6/6/2023,0
4033,533,11/21/2023,0
4034,533,11/2/2022,0
4035,533,2/8/2022,0
4036,533,12/27/2022,0
4037,533,11/22/2022,0
4038,533,4/8/2022,0
4039,533,5/15/2022,315.49
4040,534,7/7/2025,0
4041,534,11/21/2025,0
4042,534,1/5/2024,0
4043,534,5/20/2025,0
4044,534,1/28/2024,70.2
4045,534,7/21/2025,0
4046,534,3/27/2024,0
4047,534,5/6/2024,0
4048,534,2/16/2025,0
4049,534,3/13/2025,0
4050,534,1/24/2024,0
4051,534,2/24/2024,0
4052,535,5/1/2022,0
4053,535,3/24/2022,0
4054,535,9/23/2022,0
4055,535,10/23/2022,0
4056,535,3/16/2023,0
4057,535,9/4/2022,0
4058,535,1/15/2023,0
4059,535,4/20/2022,200.3
4060,536,5/10/2023,0
4061,536,5/6/2023,0
4062,537,6/29/2022,388.88
4063,537,2/21/2022,0
4064,537,7/31/2022,208.89
4065,537,12/13/2021,0
4066,537,1/22/2022,0
4067,537,9/7/2021,0
4068,537,5/9/2022,180.82
4069,537,3/8/2022,104.01
4070,537,4/26/2023,0
4071,537,11/2/2021,0
4072,537,6/19/2022,0
4073,538,10/7/2024,0
4074,538,3/17/2024,0
4075,538,7/29/2024,0
4076,538,6/20/2024,0
4077,538,5/5/2024,0
4078,538,12/19/2024,0
4079,538,5/24/2023,0
4080,539,10/22/2021,0
4081,539,2/3/2022,0
4082,539,4/19/2022,0
4083,539,1/22/2023,66.32
4084,539,3/26/2021,0
4085,539,12/5/2021,0
4086,540,10/10/2024,0
4087,540,6/18/2023,0
4088,541,12/17/2024,0
4089,541,9/21/2023,242.13
4090,541,12/15/2024,0
4091,541,1/4/2025,0
4092,541,1/30/2024,0
4093,541,2/21/2024,0
4094,541,6/15/2023,0
4095,541,8/8/2023,0
4096,541,9/5/2023,0
4097,541,3/12/2023,373.93
4098,541,10/3/2023,0
4099,541,12/24/2024,0
4100,541,12/5/2024,0
4101,541,4/26/2023,0
4102,541,1/10/2024,470.19
4103,542,8/29/2024,0
4104,542,10/9/2024,0
4105,542,3/6/2024,0
4106,542,7/19/2023,0
4107,542,1/28/2023,0
4108,542,12/6/2022,0
4109,542,8/15/2024,448.57
4110,542,3/14/2023,0
4111,542,12/5/2023,0
4112,542,7/15/2023,0
4113,542,7/10/2024,0
4114,543,9/27/2021,0
4115,543,8/25/2021,0
4116,544,10/14/2022,0
4117,545,6/23/2023,0
4118,545,6/7/2023,0
4119,545,7/17/2023,0
4120,545,11/17/2023,0
4121,545,3/16/2022,291.79
4122,545,7/16/2023,0
4123,545,2/3/2022,0
4124,545,9/30/2023,0
4125,545,4/5/2022,0
4126,545,8/2/2022,312.3
4127,545,2/21/2023,0
4128,545,7/1/2023,57.24
4129,545,6/29/2023,0
4130,545,11/14/2023,0
4131,545,10/8/2023,0
4132,545,1/5/2023,0
4133,545,4/6/2023,0
4134,546,10/13/2023,0
4135,546,12/1/2022,0
4136,546,5/9/2022,0
4137,547,11/3/2023,200.82
4138,547,2/25/2025,0
4139,547,10/9/2024,148.14
4140,547,7/20/2024,0
4141,547,6/23/2024,0
4142,547,6/10/2023,0
4143,547,9/28/2023,0
4144,548,6/5/2022,0
4145,548,3/2/2023,0
4146,548,9/9/2023,0
4147,548,4/6/2023,0
4148,548,3/5/2024,0
4149,548,3/31/2023,0
4150,548,10/23/2023,0
4151,548,6/2/2023,0
4152,548,5/29/2023,0
4153,548,1/11/2024,0
4154,548,5/8/2023,0
4155,548,12/20/2023,0
4156,548,8/19/2023,0
4157,548,1/10/2023,0
4158,548,7/1/2023,0
4159,549,10/1/2023,0
4160,549,2/21/2024,0
4161,549,4/8/2023,0
4162,549,11/12/2022,0
4163,549,1/17/2024,0
4164,549,6/23/2023,0
4165,549,10/30/2023,0
4166,549,6/14/2023,0
4167,549,7/24/2023,0
4168,549,11/5/2022,0
4169,549,4/28/2022,0
4170,549,3/19/2023,0
4171,549,3/3/2023,0
4172,549,3/30/2023,0
4173,549,1/1/2024,0
4174,549,11/21/2023,0
4175,549,11/13/2023,0
4176,549,6/29/2022,276.87
4177,550,10/17/2023,0
4178,550,2/4/2023,0
4179,550,4/3/2023,0
4180,550,3/28/2023,0
4181,550,5/3/2023,0
4182,550,2/4/2023,495.31
4183,550,3/1/2024,160.65
4184,550,9/9/2024,0
4185,551,10/13/2024,0
4186,551,8/25/2024,0
4187,551,7/4/2024,0
4188,551,8/27/2024,0
4189,551,8/22/2023,0
4190,551,2/20/2023,0
4191,551,4/3/2023,0
4192,551,9/25/2024,0
4193,551,3/6/2024,0
4194,551,11/11/2024,0
4195,551,2/21/2023,0
4196,551,2/16/2023,0
4197,551,6/5/2024,0
4198,551,5/2/2023,0
4199,551,4/11/2023,122.81
4200,551,9/26/2023,0
4201,551,8/22/2023,0
4202,551,10/25/2023,0
4203,551,3/4/2024,0
4204,551,2/11/2024,0
4205,551,12/16/2023,0
4206,552,4/24/2025,0
4207,552,11/22/2024,0
4208,552,2/9/2025,0
4209,552,5/25/2024,0
4210,552,2/20/2025,0
4211,552,11/11/2024,0
4212,552,3/7/2025,0
4213,552,2/15/2025,0
4214,552,12/3/2024,0
4215,552,9/24/2024,0
4216,552,10/20/2024,0
4217,552,8/31/2025,0
4218,552,2/9/2024,0
4219,552,8/12/2025,0
4220,552,4/3/2025,0
4221,552,1/3/2024,0
4222,552,1/15/2024,114.93
4223,552,7/6/2025,0
4224,553,9/22/2024,0
4225,553,3/31/2025,0
4226,553,1/21/2024,0
4227,553,2/18/2024,0
4228,553,12/6/2024,0
4229,553,3/2/2024,0
4230,553,10/30/2024,0
4231,553,10/12/2023,0
4232,553,8/17/2024,0
4233,553,12/6/2024,0
4234,553,10/14/2024,495.47
4235,553,12/31/2023,0
4236,553,3/28/2025,0
4237,553,12/14/2024,0
4238,553,4/30/2024,0
4239,553,12/21/2024,0
4240,554,3/8/2023,0
4241,554,9/1/2023,0
4242,554,1/29/2023,0
4243,554,2/21/2024,0
4244,554,12/2/2022,0
4245,554,1/31/2023,0
4246,554,9/18/2024,0
4247,554,1/19/2023,0
4248,554,10/15/2023,0
4249,554,5/26/2024,224.67
4250,554,12/29/2022,0
4251,554,1/20/2023,259.13
4252,554,4/25/2023,0
4253,554,3/16/2024,0
4254,554,1/27/2024,0
4255,554,4/3/2024,0
4256,554,7/21/2024,0
4257,555,11/8/2023,0
4258,555,2/25/2024,0
4259,555,11/29/2023,316.02
4260,556,4/27/2022,0
4261,557,10/16/2023,0
4262,557,12/17/2022,0
4263,558,11/26/2022,0
4264,558,11/10/2021,0
4265,558,7/30/2021,464.85
4266,558,5/26/2022,221.13
4267,558,9/13/2021,0
4268,558,6/20/2022,0
4269,558,11/2/2022,0
4270,558,1/18/2021,464.33
4271,559,8/24/2021,0
4272,559,5/8/2022,0
4273,559,8/30/2022,0
4274,559,5/11/2021,0
4275,559,12/19/2021,0
4276,559,8/15/2022,295.34
4277,559,8/16/2022,0
4278,559,7/11/2021,112.43
4279,559,11/17/2021,0
4280,559,6/9/2022,200.55
4281,559,5/2/2021,0
4282,559,5/29/2022,0
4283,559,5/22/2021,0
4284,559,4/30/2022,0
4285,560,6/10/2024,0
4286,560,7/15/2023,0
4287,560,10/22/2023,0
4288,560,3/1/2024,0
4289,560,8/18/2023,0
4290,560,12/27/2022,0
4291,560,1/15/2023,0
4292,560,7/16/2024,0
4293,560,4/25/2023,0
4294,561,4/30/2023,0
4295,561,8/18/2024,0
4296,561,7/23/2024,0
4297,561,12/4/2023,0
4298,561,9/17/2024,0
4299,561,4/14/2023,0
4300,561,5/16/2023,0
4301,561,6/15/2023,0
4302,561,7/9/2024,0
4303,561,5/27/2024,378.28
4304,561,7/22/2023,0
4305,561,5/16/2024,0
4306,561,8/21/2024,0
4307,561,4/29/2023,324.25
4308,561,2/10/2024,251.72
4309,561,7/8/2023,0
4310,561,7/28/2023,0
4311,562,10/24/2022,0
4312,562,4/18/2023,0
4313,562,5/16/2022,0
4314,563,7/15/2024,0
4315,563,9/20/2023,0
4316,563,7/14/2023,0
4317,564,1/19/2023,0
4318,564,5/26/2023,213.32
4319,564,2/24/2024,0
4320,564,11/5/2022,0
4321,564,5/28/2022,0
4322,564,11/27/2023,0
4323,564,11/24/2023,0
4324,564,11/23/2023,0
4325,564,5/15/2022,0
4326,565,11/13/2021,0
4327,565,10/2/2021,0
4328,565,9/19/2022,0
4329,566,12/10/2022,0
4330,566,5/17/2021,0
4331,566,4/24/2022,469.52
4332,566,8/3/2022,0
4333,566,5/14/2021,365.27
4334,567,9/5/2021,0
4335,567,7/31/2021,0
4336,567,9/23/2022,0
4337,567,11/15/2021,0
4338,567,3/21/2023,0
4339,567,6/24/2022,0
4340,567,11/16/2022,0
4341,567,9/21/2022,0
4342,567,9/8/2022,0
4343,567,11/12/2021,0
4344,567,8/25/2021,0
4345,567,11/24/2022,0
4346,568,10/23/2022,0
4347,568,5/24/2023,0
4348,568,4/25/2022,0
4349,569,8/13/2023,463.52
4350,570,2/15/2023,458.36
4351,570,10/17/2022,0
4352,571,2/22/2023,0
4353,571,11/26/2021,0
4354,571,11/17/2021,0
4355,571,9/28/2021,0
4356,571,2/9/2022,0
4357,571,7/8/2022,0
4358,571,12/23/2022,0
4359,571,1/23/2023,0
4360,571,3/20/2022,0
4361,571,1/12/2022,0
4362,571,7/12/2021,0
4363,571,9/8/2022,0
4364,571,4/3/2022,0
4365,571,1/3/2023,0
4366,571,12/4/2021,0
4367,572,3/11/2023,0
4368,572,6/26/2024,0
4369,572,9/29/2023,0
4370,572,8/6/2023,0
4371,572,9/30/2023,0
4372,572,11/3/2023,0
4373,572,3/13/2023,0
4374,572,10/27/2023,0
4375,572,2/27/2024,0
4376,572,9/5/2023,0
4377,572,5/10/2023,0
4378,572,6/12/2023,0
4379,572,8/25/2023,0
4380,572,11/16/2024,0
4381,572,2/21/2023,0
4382,572,12/29/2023,0
4383,573,4/10/2023,0
4384,573,4/2/2022,0
4385,573,12/26/2021,0
4386,573,7/11/2022,0
4387,573,4/5/2023,0
4388,573,11/17/2021,0
4389,573,4/27/2023,0
4390,573,9/21/2022,0
4391,573,11/6/2022,0
4392,573,10/6/2022,0
4393,574,7/13/2024,0
4394,574,4/26/2024,0
4395,574,11/3/2025,0
4396,574,4/18/2025,0
4397,575,11/5/2022,0
4398,575,6/23/2023,0
4399,575,10/30/2022,0
4400,575,3/19/2023,0
4401,576,7/24/2022,0
4402,576,10/16/2022,0
4403,577,1/13/2025,0
4404,577,2/23/2025,0
4405,577,6/9/2024,0
4406,577,5/22/2024,0
4407,577,10/11/2024,0
4408,577,5/24/2025,0
4409,577,10/24/2023,0
4410,577,7/4/2024,0
4411,577,10/22/2024,0
4412,577,2/16/2025,209.51
4413,577,9/30/2023,0
4414,577,1/18/2024,0
4415,577,6/12/2025,0
4416,578,10/10/2024,0
4417,578,3/17/2023,0
4418,578,9/29/2024,0
4419,578,9/14/2024,0
4420,578,11/24/2024,0
4421,578,6/29/2023,251.71
4422,578,12/26/2024,0
4423,578,12/15/2024,0
4424,578,7/22/2023,0
4425,578,11/2/2024,0
4426,578,1/30/2024,0
4427,578,8/25/2024,0
4428,579,11/21/2022,0
4429,579,6/22/2023,0
4430,580,5/8/2024,0
4431,580,3/14/2023,0
4432,580,1/22/2024,0
4433,580,4/10/2024,0
4434,580,3/4/2023,0
4435,580,6/12/2023,0
4436,580,12/25/2022,0
4437,580,6/2/2024,0
4438,580,6/7/2024,0
4439,580,9/10/2023,0
4440,580,9/11/2023,0
4441,580,1/18/2023,262.24
4442,580,11/12/2023,0
4443,580,11/12/2022,0
4444,580,12/1/2022,0
4445,580,10/7/2023,0
4446,580,6/2/2023,0
4447,581,2/17/2023,0
4448,581,10/24/2023,0
4449,581,2/10/2024,0
4450,581,6/26/2024,0
4451,581,2/16/2023,0
4452,581,3/2/2023,0
4453,581,10/2/2023,273.65
4454,581,2/28/2023,0
4455,582,11/18/2024,0
4456,582,6/11/2024,0
4457,582,12/17/2023,184.32
4458,583,9/4/2024,0
4459,583,1/11/2024,0
4460,583,2/3/2025,0
4461,584,3/26/2024,0
4462,584,11/2/2023,0
4463,585,1/20/2023,0
4464,585,2/7/2022,0
4465,585,11/25/2022,0
4466,585,12/25/2021,0
4467,585,4/15/2022,0
4468,586,10/17/2022,0
4469,586,1/8/2024,0
4470,586,3/5/2023,0
4471,586,11/11/2023,0
4472,586,8/15/2022,0
4473,586,9/7/2022,0
4474,586,9/25/2023,0
4475,586,5/14/2023,0
4476,586,5/25/2022,0
4477,587,10/12/2021,0
4478,587,12/26/2021,0
4479,587,12/2/2022,324.42
4480,587,9/9/2021,0
4481,587,2/22/2023,0
4482,587,5/13/2022,0
4483,587,3/10/2022,0
4484,587,11/6/2021,0
4485,587,4/3/2022,0
4486,587,11/27/2022,0
4487,587,7/9/2021,270.23
4488,587,1/23/2023,0
4489,587,4/29/2022,0
4490,588,10/4/2023,0
4491,588,3/18/2024,0
4492,588,4/28/2023,0
4493,588,12/25/2023,0
4494,588,11/21/2024,0
4495,588,12/25/2023,390.72
4496,588,11/23/2024,0
4497,588,2/16/2023,0
4498,588,7/1/2024,0
4499,588,2/3/2024,0
4500,588,8/16/2023,0
4501,588,4/1/2023,0
4502,588,9/4/2023,0
4503,588,2/18/2024,0
4504,589,8/29/2024,172.1
4505,589,5/1/2023,0
4506,589,1/12/2023,0
4507,590,11/8/2024,0
4508,590,6/17/2023,0
4509,590,8/19/2023,117
4510,590,6/6/2023,0
4511,590,10/29/2024,0
4512,590,11/12/2023,0
4513,590,4/21/2023,0
4514,590,5/6/2023,86.42
4515,590,1/4/2025,0
4516,590,9/4/2024,0
4517,590,11/2/2023,0
4518,590,12/30/2023,0
4519,590,11/26/2024,0
4520,590,3/14/2024,0
4521,590,4/2/2023,0
4522,590,6/23/2023,0
4523,590,6/30/2024,0
4524,590,2/29/2024,0
4525,590,7/6/2023,0
4526,590,3/29/2023,0
4527,590,8/31/2024,299.86
4528,590,12/12/2024,0
4529,590,4/12/2024,0
4530,590,1/8/2024,0
4531,590,12/12/2023,0
4532,591,2/23/2023,0
4533,591,7/10/2021,0
4534,591,7/11/2021,0
4535,591,12/14/2021,0
4536,591,10/7/2021,0
4537,591,1/14/2022,0
4538,591,2/4/2023,0
4539,591,1/19/2023,0
4540,591,3/22/2022,0
4541,591,7/6/2022,0
4542,591,8/28/2021,0
4543,592,12/31/2023,0
4544,592,10/1/2024,267.28
4545,592,6/20/2023,0
4546,592,6/27/2023,0
4547,592,5/13/2023,0
4548,592,1/7/2025,0
4549,592,3/27/2024,0
4550,592,3/3/2024,0
4551,593,7/27/2023,0
4552,593,12/7/2023,0
4553,593,7/27/2024,0
4554,593,11/1/2024,0
4555,594,12/10/2023,0
4556,594,3/27/2023,0
4557,594,6/12/2022,0
4558,595,2/17/2023,0
4559,595,9/2/2022,0
4560,595,6/16/2022,0
4561,595,6/22/2022,0
4562,595,10/2/2022,0
4563,595,1/7/2024,0
4564,595,12/18/2022,0
4565,595,5/2/2022,0
4566,595,4/25/2022,0
4567,595,6/16/2023,354.95
4568,596,5/6/2023,0
4569,596,6/14/2023,238.92
4570,597,9/9/2022,0
4571,597,6/28/2021,0
4572,597,11/27/2021,0
4573,597,2/18/2022,0
4574,597,4/30/2023,0
4575,597,10/7/2022,0
4576,597,6/7/2022,0
4577,597,12/11/2021,84.4
4578,598,9/12/2024,0
4579,598,5/24/2025,0
4580,598,2/4/2024,0
4581,598,6/12/2024,0
4582,598,1/20/2025,0
4583,598,5/13/2025,283.93
4584,598,6/11/2024,0
4585,598,5/30/2024,0
4586,598,11/27/2024,0
4587,598,12/25/2023,312.17
4588,598,2/27/2024,490.96
4589,598,10/4/2023,0
4590,598,6/18/2024,0
4591,598,5/21/2024,0
4592,598,6/11/2024,0
4593,598,3/9/2025,0
4594,598,1/18/2025,0
4595,598,4/8/2025,0
4596,599,9/6/2025,474.12
4597,599,12/4/2024,0
4598,599,4/8/2024,0
4599,600,9/19/2022,0
